report_date,published_date,group,category,description,commodity,class,volume,unit,type,Year,IndexbyYear
2003-01-04 00:00:00.000,"","","","","","",44900,"","",2003,1
2003-01-11 00:00:00.000,"","","","","","",62900,"","",2003,2
2003-01-18 00:00:00.000,"","","","","","",61200,"","",2003,3
2003-01-25 00:00:00.000,"","","","","","",60500,"","",2003,4
2003-02-01 00:00:00.000,"","","","","","",58000,"","",2003,5
2003-02-08 00:00:00.000,"","","","","","",57500,"","",2003,6
2003-02-15 00:00:00.000,"","","","","","",56600,"","",2003,7
2003-02-22 00:00:00.000,"","","","","","",55600,"","",2003,8
2003-03-01 00:00:00.000,"","","","","","",57300,"","",2003,9
2003-03-08 00:00:00.000,"","","","","","",62500,"","",2003,10
2003-03-15 00:00:00.000,"","","","","","",61900,"","",2003,11
2003-03-22 00:00:00.000,"","","","","","",62700,"","",2003,12
2003-03-29 00:00:00.000,"","","","","","",64500,"","",2003,13
2003-04-05 00:00:00.000,"","","","","","",61500,"","",2003,14
2003-04-12 00:00:00.000,"","","","","","",62200,"","",2003,15
2003-04-19 00:00:00.000,"","","","","","",56500,"","",2003,16
2003-04-26 00:00:00.000,"","","","","","",58300,"","",2003,17
2003-05-03 00:00:00.000,"","","","","","",57400,"","",2003,18
2003-05-10 00:00:00.000,"","","","","","",64000,"","",2003,19
2003-05-17 00:00:00.000,"","","","","","",61100,"","",2003,20
2003-05-24 00:00:00.000,"","","","","","",62300,"","",2003,21
2003-05-31 00:00:00.000,"","","","","","",54700,"","",2003,22
2003-06-07 00:00:00.000,"","","","","","",65500,"","",2003,23
2003-06-14 00:00:00.000,"","","","","","",65100,"","",2003,24
2003-06-21 00:00:00.000,"","","","","","",63100,"","",2003,25
2003-06-28 00:00:00.000,"","","","","","",62600,"","",2003,26
2003-07-05 00:00:00.000,"","","","","","",54000,"","",2003,27
2003-07-12 00:00:00.000,"","","","","","",64400,"","",2003,28
2003-07-19 00:00:00.000,"","","","","","",64200,"","",2003,29
2003-07-26 00:00:00.000,"","","","","","",63800,"","",2003,30
2003-08-02 00:00:00.000,"","","","","","",62700,"","",2003,31
2003-08-09 00:00:00.000,"","","","","","",61000,"","",2003,32
2003-08-16 00:00:00.000,"","","","","","",63300,"","",2003,33
2003-08-23 00:00:00.000,"","","","","","",60800,"","",2003,34
2003-08-30 00:00:00.000,"","","","","","",62300,"","",2003,35
2003-09-06 00:00:00.000,"","","","","","",54000,"","",2003,36
2003-09-13 00:00:00.000,"","","","","","",64800,"","",2003,37
2003-09-20 00:00:00.000,"","","","","","",65200,"","",2003,38
2003-09-27 00:00:00.000,"","","","","","",64400,"","",2003,39
2003-10-04 00:00:00.000,"","","","","","",63800,"","",2003,40
2003-10-11 00:00:00.000,"","","","","","",61900,"","",2003,41
2003-10-18 00:00:00.000,"","","","","","",60100,"","",2003,42
2003-10-25 00:00:00.000,"","","","","","",60400,"","",2003,43
2003-11-01 00:00:00.000,"","","","","","",62500,"","",2003,44
2003-11-08 00:00:00.000,"","","","","","",61100,"","",2003,45
2003-11-15 00:00:00.000,"","","","","","",64900,"","",2003,46
2003-11-22 00:00:00.000,"","","","","","",67100,"","",2003,47
2003-11-29 00:00:00.000,"","","","","","",47300,"","",2003,48
2003-12-06 00:00:00.000,"","","","","","",65900,"","",2003,49
2003-12-13 00:00:00.000,"","","","","","",66700,"","",2003,50
2003-12-20 00:00:00.000,"","","","","","",67200,"","",2003,51
2003-12-27 00:00:00.000,"","","","","","",40300,"","",2003,52
2004-01-03 00:00:00.000,"","","","","","",49600,"","",2004,1
2004-01-10 00:00:00.000,"","","","","","",62000,"","",2004,2
2004-01-17 00:00:00.000,"","","","","","",64300,"","",2004,3
2004-01-24 00:00:00.000,"","","","","","",61500,"","",2004,4
2004-01-31 00:00:00.000,"","","","","","",59000,"","",2004,5
2004-02-07 00:00:00.000,"","","","","","",59100,"","",2004,6
2004-02-14 00:00:00.000,"","","","","","",63600,"","",2004,7
2004-02-21 00:00:00.000,"","","","","","",65500,"","",2004,8
2004-02-28 00:00:00.000,"","","","","","",67800,"","",2004,9
2004-03-06 00:00:00.000,"","","","","","",68900,"","",2004,10
2004-03-13 00:00:00.000,"","","","","","",66200,"","",2004,11
2004-03-20 00:00:00.000,"","","","","","",64000,"","",2004,12
2004-03-27 00:00:00.000,"","","","","","",64200,"","",2004,13
2004-04-03 00:00:00.000,"","","","","","",65600,"","",2004,14
2004-04-10 00:00:00.000,"","","","","","",64300,"","",2004,15
2004-04-17 00:00:00.000,"","","","","","",61900,"","",2004,16
2004-04-24 00:00:00.000,"","","","","","",66600,"","",2004,17
2004-05-01 00:00:00.000,"","","","","","",65200,"","",2004,18
2004-05-08 00:00:00.000,"","","","","","",59000,"","",2004,19
2004-05-15 00:00:00.000,"","","","","","",64200,"","",2004,20
2004-05-22 00:00:00.000,"","","","","","",64500,"","",2004,21
2004-05-29 00:00:00.000,"","","","","","",64500,"","",2004,22
2004-06-05 00:00:00.000,"","","","","","",56600,"","",2004,23
2004-06-12 00:00:00.000,"","","","","","",62500,"","",2004,24
2004-06-19 00:00:00.000,"","","","","","",61300,"","",2004,25
2004-06-26 00:00:00.000,"","","","","","",64100,"","",2004,26
2004-07-03 00:00:00.000,"","","","","","",63200,"","",2004,27
2004-07-10 00:00:00.000,"","","","","","",54900,"","",2004,28
2004-07-17 00:00:00.000,"","","","","","",64500,"","",2004,29
2004-07-24 00:00:00.000,"","","","","","",61500,"","",2004,30
2004-07-31 00:00:00.000,"","","","","","",61900,"","",2004,31
2004-08-07 00:00:00.000,"","","","","","",60100,"","",2004,32
2004-08-14 00:00:00.000,"","","","","","",62100,"","",2004,33
2004-08-21 00:00:00.000,"","","","","","",64900,"","",2004,34
2004-08-28 00:00:00.000,"","","","","","",63800,"","",2004,35
2004-09-04 00:00:00.000,"","","","","","",66000,"","",2004,36
2004-09-11 00:00:00.000,"","","","","","",56700,"","",2004,37
2004-09-18 00:00:00.000,"","","","","","",65000,"","",2004,38
2004-09-25 00:00:00.000,"","","","","","",65700,"","",2004,39
2004-10-02 00:00:00.000,"","","","","","",62500,"","",2004,40
2004-10-09 00:00:00.000,"","","","","","",64900,"","",2004,41
2004-10-16 00:00:00.000,"","","","","","",62600,"","",2004,42
2004-10-23 00:00:00.000,"","","","","","",63000,"","",2004,43
2004-10-30 00:00:00.000,"","","","","","",62400,"","",2004,44
2004-11-06 00:00:00.000,"","","","","","",62100,"","",2004,45
2004-11-13 00:00:00.000,"","","","","","",64600,"","",2004,46
2004-11-20 00:00:00.000,"","","","","","",66200,"","",2004,47
2004-11-27 00:00:00.000,"","","","","","",48600,"","",2004,48
2004-12-04 00:00:00.000,"","","","","","",69500,"","",2004,49
2004-12-11 00:00:00.000,"","","","","","",70100,"","",2004,50
2004-12-18 00:00:00.000,"","","","","","",68300,"","",2004,51
2004-12-25 00:00:00.000,"","","","","","",49300,"","",2004,52
2005-01-01 00:00:00.000,"","","","","","",46300,"","",2005,1
2005-01-08 00:00:00.000,"","","","","","",57600,"","",2005,2
2005-01-15 00:00:00.000,"","","","","","",60700,"","",2005,3
2005-01-22 00:00:00.000,"","","","","","",62100,"","",2005,4
2005-01-29 00:00:00.000,"","","","","","",63300,"","",2005,5
2005-02-05 00:00:00.000,"","","","","","",60800,"","",2005,6
2005-02-12 00:00:00.000,"","","","","","",58600,"","",2005,7
2005-02-19 00:00:00.000,"","","","","","",59500,"","",2005,8
2005-02-26 00:00:00.000,"","","","","","",61600,"","",2005,9
2005-03-05 00:00:00.000,"","","","","","",62800,"","",2005,10
2005-03-12 00:00:00.000,"","","","","","",60200,"","",2005,11
2005-03-19 00:00:00.000,"","","","","","",59800,"","",2005,12
2005-03-26 00:00:00.000,"","","","","","",58400,"","",2005,13
2005-04-02 00:00:00.000,"","","","","","",59800,"","",2005,14
2005-04-09 00:00:00.000,"","","","","","",53700,"","",2005,15
2005-04-16 00:00:00.000,"","","","","","",61900,"","",2005,16
2005-04-23 00:00:00.000,"","","","","","",61100,"","",2005,17
2005-04-30 00:00:00.000,"","","","","","",60400,"","",2005,18
2005-05-07 00:00:00.000,"","","","","","",60200,"","",2005,19
2005-05-14 00:00:00.000,"","","","","","",60700,"","",2005,20
2005-05-21 00:00:00.000,"","","","","","",60100,"","",2005,21
2005-05-28 00:00:00.000,"","","","","","",59300,"","",2005,22
2005-06-04 00:00:00.000,"","","","","","",54100,"","",2005,23
2005-06-11 00:00:00.000,"","","","","","",60800,"","",2005,24
2005-06-18 00:00:00.000,"","","","","","",59400,"","",2005,25
2005-06-25 00:00:00.000,"","","","","","",60200,"","",2005,26
2005-07-02 00:00:00.000,"","","","","","",57400,"","",2005,27
2005-07-09 00:00:00.000,"","","","","","",48900,"","",2005,28
2005-07-16 00:00:00.000,"","","","","","",60300,"","",2005,29
2005-07-23 00:00:00.000,"","","","","","",59000,"","",2005,30
2005-07-30 00:00:00.000,"","","","","","",58400,"","",2005,31
2005-08-06 00:00:00.000,"","","","","","",56200,"","",2005,32
2005-08-13 00:00:00.000,"","","","","","",58600,"","",2005,33
2005-08-20 00:00:00.000,"","","","","","",58600,"","",2005,34
2005-08-27 00:00:00.000,"","","","","","",61600,"","",2005,35
2005-09-03 00:00:00.000,"","","","","","",62400,"","",2005,36
2005-09-10 00:00:00.000,"","","","","","",53500,"","",2005,37
2005-09-17 00:00:00.000,"","","","","","",63500,"","",2005,38
2005-09-24 00:00:00.000,"","","","","","",63300,"","",2005,39
2005-10-01 00:00:00.000,"","","","","","",62400,"","",2005,40
2005-10-08 00:00:00.000,"","","","","","",62900,"","",2005,41
2005-10-15 00:00:00.000,"","","","","","",62400,"","",2005,42
2005-10-22 00:00:00.000,"","","","","","",61300,"","",2005,43
2005-10-29 00:00:00.000,"","","","","","",64900,"","",2005,44
2005-11-05 00:00:00.000,"","","","","","",61400,"","",2005,45
2005-11-12 00:00:00.000,"","","","","","",66000,"","",2005,46
2005-11-19 00:00:00.000,"","","","","","",66100,"","",2005,47
2005-11-26 00:00:00.000,"","","","","","",44800,"","",2005,48
2005-12-03 00:00:00.000,"","","","","","",68000,"","",2005,49
2005-12-10 00:00:00.000,"","","","","","",65600,"","",2005,50
2005-12-17 00:00:00.000,"","","","","","",64800,"","",2005,51
2005-12-24 00:00:00.000,"","","","","","",58300,"","",2005,52
2005-12-31 00:00:00.000,"","","","","","",,"","",2005,53
2006-01-07 00:00:00.000,"","","","","","",54700,"","",2006,1
2006-01-14 00:00:00.000,"","","","","","",61900,"","",2006,2
2006-01-21 00:00:00.000,"","","","","","",58500,"","",2006,3
2006-01-28 00:00:00.000,"","","","","","",59700,"","",2006,4
2006-02-04 00:00:00.000,"","","","","","",57700,"","",2006,5
2006-02-11 00:00:00.000,"","","","","","",58000,"","",2006,6
2006-02-18 00:00:00.000,"","","","","","",59000,"","",2006,7
2006-02-25 00:00:00.000,"","","","","","",59800,"","",2006,8
2006-03-04 00:00:00.000,"","","","","","",62200,"","",2006,9
2006-03-11 00:00:00.000,"","","","","","",62400,"","",2006,10
2006-03-18 00:00:00.000,"","","","","","",61800,"","",2006,11
2006-03-25 00:00:00.000,"","","","","","",61500,"","",2006,12
2006-04-01 00:00:00.000,"","","","","","",64100,"","",2006,13
2006-04-08 00:00:00.000,"","","","","","",62000,"","",2006,14
2006-04-15 00:00:00.000,"","","","","","",60800,"","",2006,15
2006-04-22 00:00:00.000,"","","","","","",60300,"","",2006,16
2006-04-29 00:00:00.000,"","","","","","",62600,"","",2006,17
2006-05-06 00:00:00.000,"","","","","","",63300,"","",2006,18
2006-05-13 00:00:00.000,"","","","","","",65500,"","",2006,19
2006-05-20 00:00:00.000,"","","","","","",64100,"","",2006,20
2006-05-27 00:00:00.000,"","","","","","",61000,"","",2006,21
2006-06-03 00:00:00.000,"","","","","","",56600,"","",2006,22
2006-06-10 00:00:00.000,"","","","","","",64500,"","",2006,23
2006-06-17 00:00:00.000,"","","","","","",63900,"","",2006,24
2006-06-24 00:00:00.000,"","","","","","",63600,"","",2006,25
2006-07-01 00:00:00.000,"","","","","","",66400,"","",2006,26
2006-07-08 00:00:00.000,"","","","","","",48600,"","",2006,27
2006-07-15 00:00:00.000,"","","","","","",63500,"","",2006,28
2006-07-22 00:00:00.000,"","","","","","",64400,"","",2006,29
2006-07-29 00:00:00.000,"","","","","","",62100,"","",2006,30
2006-08-05 00:00:00.000,"","","","","","",57600,"","",2006,31
2006-08-12 00:00:00.000,"","","","","","",60700,"","",2006,32
2006-08-19 00:00:00.000,"","","","","","",60400,"","",2006,33
2006-08-26 00:00:00.000,"","","","","","",63000,"","",2006,34
2006-09-02 00:00:00.000,"","","","","","",63700,"","",2006,35
2006-09-09 00:00:00.000,"","","","","","",58200,"","",2006,36
2006-09-16 00:00:00.000,"","","","","","",67700,"","",2006,37
2006-09-23 00:00:00.000,"","","","","","",66200,"","",2006,38
2006-09-30 00:00:00.000,"","","","","","",64600,"","",2006,39
2006-10-07 00:00:00.000,"","","","","","",62000,"","",2006,40
2006-10-14 00:00:00.000,"","","","","","",64200,"","",2006,41
2006-10-21 00:00:00.000,"","","","","","",64300,"","",2006,42
2006-10-28 00:00:00.000,"","","","","","",66300,"","",2006,43
2006-11-04 00:00:00.000,"","","","","","",65400,"","",2006,44
2006-11-11 00:00:00.000,"","","","","","",66800,"","",2006,45
2006-11-18 00:00:00.000,"","","","","","",70400,"","",2006,46
2006-11-25 00:00:00.000,"","","","","","",49800,"","",2006,47
2006-12-02 00:00:00.000,"","","","","","",67200,"","",2006,48
2006-12-09 00:00:00.000,"","","","","","",69200,"","",2006,49
2006-12-16 00:00:00.000,"","","","","","",70600,"","",2006,50
2006-12-23 00:00:00.000,"","","","","","",68100,"","",2006,51
2006-12-30 00:00:00.000,"","","","","","",46200,"","",2006,52
2007-01-06 00:00:00.000,"","","","","","",52400,"","",2007,1
2007-01-13 00:00:00.000,"","","","","","",66200,"","",2007,2
2007-01-20 00:00:00.000,"","","","","","",63100,"","",2007,3
2007-01-27 00:00:00.000,"","","","","","",63900,"","",2007,4
2007-02-03 00:00:00.000,"","","","","","",64200,"","",2007,5
2007-02-10 00:00:00.000,"","","","","","",59400,"","",2007,6
2007-02-17 00:00:00.000,"","","","","","",61400,"","",2007,7
2007-02-24 00:00:00.000,"","","","","","",63100,"","",2007,8
2007-03-03 00:00:00.000,"","","","","","",62300,"","",2007,9
2007-03-10 00:00:00.000,"","","","","","",65700,"","",2007,10
2007-03-17 00:00:00.000,"","","","","","",65500,"","",2007,11
2007-03-24 00:00:00.000,"","","","","","",66000,"","",2007,12
2007-03-31 00:00:00.000,"","","","","","",64500,"","",2007,13
2007-04-07 00:00:00.000,"","","","","","",62000,"","",2007,14
2007-04-14 00:00:00.000,"","","","","","",60100,"","",2007,15
2007-04-21 00:00:00.000,"","","","","","",63000,"","",2007,16
2007-04-28 00:00:00.000,"","","","","","",62900,"","",2007,17
2007-05-05 00:00:00.000,"","","","","","",62700,"","",2007,18
2007-05-12 00:00:00.000,"","","","","","",62700,"","",2007,19
2007-05-19 00:00:00.000,"","","","","","",64000,"","",2007,20
2007-05-26 00:00:00.000,"","","","","","",64400,"","",2007,21
2007-06-02 00:00:00.000,"","","","","","",56200,"","",2007,22
2007-06-09 00:00:00.000,"","","","","","",64900,"","",2007,23
2007-06-16 00:00:00.000,"","","","","","",62000,"","",2007,24
2007-06-23 00:00:00.000,"","","","","","",61800,"","",2007,25
2007-06-30 00:00:00.000,"","","","","","",63500,"","",2007,26
2007-07-07 00:00:00.000,"","","","","","",53600,"","",2007,27
2007-07-14 00:00:00.000,"","","","","","",63400,"","",2007,28
2007-07-21 00:00:00.000,"","","","","","",64500,"","",2007,29
2007-07-28 00:00:00.000,"","","","","","",62700,"","",2007,30
2007-08-04 00:00:00.000,"","","","","","",54300,"","",2007,31
2007-08-11 00:00:00.000,"","","","","","",63500,"","",2007,32
2007-08-18 00:00:00.000,"","","","","","",64300,"","",2007,33
2007-08-25 00:00:00.000,"","","","","","",65700,"","",2007,34
2007-09-01 00:00:00.000,"","","","","","",67700,"","",2007,35
2007-09-08 00:00:00.000,"","","","","","",55400,"","",2007,36
2007-09-15 00:00:00.000,"","","","","","",66100,"","",2007,37
2007-09-22 00:00:00.000,"","","","","","",67700,"","",2007,38
2007-09-29 00:00:00.000,"","","","","","",67500,"","",2007,39
2007-10-06 00:00:00.000,"","","","","","",68400,"","",2007,40
2007-10-13 00:00:00.000,"","","","","","",66800,"","",2007,41
2007-10-20 00:00:00.000,"","","","","","",67100,"","",2007,42
2007-10-27 00:00:00.000,"","","","","","",67500,"","",2007,43
2007-11-03 00:00:00.000,"","","","","","",68600,"","",2007,44
2007-11-10 00:00:00.000,"","","","","","",68200,"","",2007,45
2007-11-17 00:00:00.000,"","","","","","",73200,"","",2007,46
2007-11-24 00:00:00.000,"","","","","","",49100,"","",2007,47
2007-12-01 00:00:00.000,"","","","","","",74000,"","",2007,48
2007-12-08 00:00:00.000,"","","","","","",74200,"","",2007,49
2007-12-15 00:00:00.000,"","","","","","",69900,"","",2007,50
2007-12-22 00:00:00.000,"","","","","","",74500,"","",2007,51
2007-12-29 00:00:00.000,"","","","","","",38700,"","",2007,52
2008-01-05 00:00:00.000,"","","","","","",48300,"","",2008,1
2008-01-12 00:00:00.000,"","","","","","",68700,"","",2008,2
2008-01-19 00:00:00.000,"","","","","","",70500,"","",2008,3
2008-01-26 00:00:00.000,"","","","","","",67700,"","",2008,4
2008-02-02 00:00:00.000,"","","","","","",65000,"","",2008,5
2008-02-09 00:00:00.000,"","","","","","",62800,"","",2008,6
2008-02-16 00:00:00.000,"","","","","","",64300,"","",2008,7
2008-02-23 00:00:00.000,"","","","","","",63000,"","",2008,8
2008-03-01 00:00:00.000,"","","","","","",68700,"","",2008,9
2008-03-08 00:00:00.000,"","","","","","",69300,"","",2008,10
2008-03-15 00:00:00.000,"","","","","","",73000,"","",2008,11
2008-03-22 00:00:00.000,"","","","","","",70100,"","",2008,12
2008-03-29 00:00:00.000,"","","","","","",71700,"","",2008,13
2008-04-05 00:00:00.000,"","","","","","",72200,"","",2008,14
2008-04-12 00:00:00.000,"","","","","","",71900,"","",2008,15
2008-04-19 00:00:00.000,"","","","","","",73100,"","",2008,16
2008-04-26 00:00:00.000,"","","","","","",71100,"","",2008,17
2008-05-03 00:00:00.000,"","","","","","",63400,"","",2008,18
2008-05-10 00:00:00.000,"","","","","","",69300,"","",2008,19
2008-05-17 00:00:00.000,"","","","","","",71400,"","",2008,20
2008-05-24 00:00:00.000,"","","","","","",68100,"","",2008,21
2008-05-31 00:00:00.000,"","","","","","",59300,"","",2008,22
2008-06-07 00:00:00.000,"","","","","","",70100,"","",2008,23
2008-06-14 00:00:00.000,"","","","","","",69300,"","",2008,24
2008-06-21 00:00:00.000,"","","","","","",72500,"","",2008,25
2008-06-28 00:00:00.000,"","","","","","",78400,"","",2008,26
2008-07-05 00:00:00.000,"","","","","","",59800,"","",2008,27
2008-07-12 00:00:00.000,"","","","","","",69700,"","",2008,28
2008-07-19 00:00:00.000,"","","","","","",72400,"","",2008,29
2008-07-26 00:00:00.000,"","","","","","",62200,"","",2008,30
2008-08-02 00:00:00.000,"","","","","","",67600,"","",2008,31
2008-08-09 00:00:00.000,"","","","","","",68400,"","",2008,32
2008-08-16 00:00:00.000,"","","","","","",67000,"","",2008,33
2008-08-23 00:00:00.000,"","","","","","",67700,"","",2008,34
2008-08-30 00:00:00.000,"","","","","","",71400,"","",2008,35
2008-09-06 00:00:00.000,"","","","","","",60800,"","",2008,36
2008-09-13 00:00:00.000,"","","","","","",72900,"","",2008,37
2008-09-20 00:00:00.000,"","","","","","",70700,"","",2008,38
2008-09-27 00:00:00.000,"","","","","","",67300,"","",2008,39
2008-10-04 00:00:00.000,"","","","","","",69900,"","",2008,40
2008-10-11 00:00:00.000,"","","","","","",68100,"","",2008,41
2008-10-18 00:00:00.000,"","","","","","",67900,"","",2008,42
2008-10-25 00:00:00.000,"","","","","","",64100,"","",2008,43
2008-11-01 00:00:00.000,"","","","","","",66600,"","",2008,44
2008-11-08 00:00:00.000,"","","","","","",67000,"","",2008,45
2008-11-15 00:00:00.000,"","","","","","",67200,"","",2008,46
2008-11-22 00:00:00.000,"","","","","","",68600,"","",2008,47
2008-11-29 00:00:00.000,"","","","","","",44500,"","",2008,48
2008-12-06 00:00:00.000,"","","","","","",69000,"","",2008,49
2008-12-13 00:00:00.000,"","","","","","",64900,"","",2008,50
2008-12-20 00:00:00.000,"","","","","","",65700,"","",2008,51
2008-12-27 00:00:00.000,"","","","","","",36500,"","",2008,52
2009-01-03 00:00:00.000,"","","","","","",47800,"","",2009,1
2009-01-10 00:00:00.000,"","","","","","",71200,"","",2009,2
2009-01-17 00:00:00.000,"","","","","","",63900,"","",2009,3
2009-01-24 00:00:00.000,"","","","","","",60800,"","",2009,4
2009-01-31 00:00:00.000,"","","","","","",58400,"","",2009,5
2009-02-07 00:00:00.000,"","","","","","",58300,"","",2009,6
2009-02-14 00:00:00.000,"","","","","","",58900,"","",2009,7
2009-02-21 00:00:00.000,"","","","","","",59300,"","",2009,8
2009-02-28 00:00:00.000,"","","","","","",61200,"","",2009,9
2009-03-07 00:00:00.000,"","","","","","",59300,"","",2009,10
2009-03-14 00:00:00.000,"","","","","","",60400,"","",2009,11
2009-03-21 00:00:00.000,"","","","","","",61400,"","",2009,12
2009-03-28 00:00:00.000,"","","","","","",61100,"","",2009,13
2009-04-04 00:00:00.000,"","","","","","",61100,"","",2009,14
2009-04-11 00:00:00.000,"","","","","","",57400,"","",2009,15
2009-04-18 00:00:00.000,"","","","","","",60400,"","",2009,16
2009-04-25 00:00:00.000,"","","","","","",59100,"","",2009,17
2009-05-02 00:00:00.000,"","","","","","",60000,"","",2009,18
2009-05-09 00:00:00.000,"","","","","","",57600,"","",2009,19
2009-05-16 00:00:00.000,"","","","","","",59100,"","",2009,20
2009-05-23 00:00:00.000,"","","","","","",58500,"","",2009,21
2009-05-30 00:00:00.000,"","","","","","",51100,"","",2009,22
2009-06-06 00:00:00.000,"","","","","","",61000,"","",2009,23
2009-06-13 00:00:00.000,"","","","","","",64900,"","",2009,24
2009-06-20 00:00:00.000,"","","","","","",68400,"","",2009,25
2009-06-27 00:00:00.000,"","","","","","",66900,"","",2009,26
2009-07-04 00:00:00.000,"","","","","","",54600,"","",2009,27
2009-07-11 00:00:00.000,"","","","","","",61500,"","",2009,28
2009-07-18 00:00:00.000,"","","","","","",64600,"","",2009,29
2009-07-25 00:00:00.000,"","","","","","",64200,"","",2009,30
2009-08-01 00:00:00.000,"","","","","","",61200,"","",2009,31
2009-08-08 00:00:00.000,"","","","","","",61900,"","",2009,32
2009-08-15 00:00:00.000,"","","","","","",69100,"","",2009,33
2009-08-22 00:00:00.000,"","","","","","",70700,"","",2009,34
2009-08-29 00:00:00.000,"","","","","","",71300,"","",2009,35
2009-09-05 00:00:00.000,"","","","","","",70800,"","",2009,36
2009-09-12 00:00:00.000,"","","","","","",60100,"","",2009,37
2009-09-19 00:00:00.000,"","","","","","",69900,"","",2009,38
2009-09-26 00:00:00.000,"","","","","","",68200,"","",2009,39
2009-10-03 00:00:00.000,"","","","","","",67400,"","",2009,40
2009-10-10 00:00:00.000,"","","","","","",65300,"","",2009,41
2009-10-17 00:00:00.000,"","","","","","",66200,"","",2009,42
2009-10-24 00:00:00.000,"","","","","","",65900,"","",2009,43
2009-10-31 00:00:00.000,"","","","","","",65200,"","",2009,44
2009-11-07 00:00:00.000,"","","","","","",66700,"","",2009,45
2009-11-14 00:00:00.000,"","","","","","",67400,"","",2009,46
2009-11-21 00:00:00.000,"","","","","","",67600,"","",2009,47
2009-11-28 00:00:00.000,"","","","","","",42500,"","",2009,48
2009-12-05 00:00:00.000,"","","","","","",69700,"","",2009,49
2009-12-12 00:00:00.000,"","","","","","",64400,"","",2009,50
2009-12-19 00:00:00.000,"","","","","","",43700,"","",2009,51
2009-12-26 00:00:00.000,"","","","","","",,"","",2009,52
2010-01-02 00:00:00.000,"","","","","","",59100,"","",2010,1
2010-01-09 00:00:00.000,"","","","","","",59000,"","",2010,2
2010-01-16 00:00:00.000,"","","","","","",61800,"","",2010,3
2010-01-23 00:00:00.000,"","","","","","",63330,"","",2010,4
2010-01-30 00:00:00.000,"","","","","","",57800,"","",2010,5
2010-02-06 00:00:00.000,"","","","","","",55200,"","",2010,6
2010-02-13 00:00:00.000,"","","","","","",53800,"","",2010,7
2010-02-20 00:00:00.000,"","","","","","",57700,"","",2010,8
2010-02-27 00:00:00.000,"","","","","","",61900,"","",2010,9
2010-03-06 00:00:00.000,"","","","","","",61000,"","",2010,10
2010-03-13 00:00:00.000,"","","","","","",61600,"","",2010,11
2010-03-20 00:00:00.000,"","","","","","",61400,"","",2010,12
2010-03-27 00:00:00.000,"","","","","","",61200,"","",2010,13
2010-04-03 00:00:00.000,"","","","","","",56500,"","",2010,14
2010-04-10 00:00:00.000,"","","","","","",56800,"","",2010,15
2010-04-17 00:00:00.000,"","","","","","",56700,"","",2010,16
2010-04-24 00:00:00.000,"","","","","","",55400,"","",2010,17
2010-05-01 00:00:00.000,"","","","","","",54700,"","",2010,18
2010-05-08 00:00:00.000,"","","","","","",55400,"","",2010,19
2010-05-15 00:00:00.000,"","","","","","",54200,"","",2010,20
2010-05-22 00:00:00.000,"","","","","","",55500,"","",2010,21
2010-05-29 00:00:00.000,"","","","","","",53900,"","",2010,22
2010-06-05 00:00:00.000,"","","","","","",48700,"","",2010,23
2010-06-12 00:00:00.000,"","","","","","",56100,"","",2010,24
2010-06-19 00:00:00.000,"","","","","","",54500,"","",2010,25
2010-06-26 00:00:00.000,"","","","","","",53500,"","",2010,26
2010-07-03 00:00:00.000,"","","","","","",54100,"","",2010,27
2010-07-10 00:00:00.000,"","","","","","",51900,"","",2010,28
2010-07-17 00:00:00.000,"","","","","","",56400,"","",2010,29
2010-07-24 00:00:00.000,"","","","","","",53800,"","",2010,30
2010-07-31 00:00:00.000,"","","","","","",56000,"","",2010,31
2010-08-07 00:00:00.000,"","","","","","",54300,"","",2010,32
2010-08-14 00:00:00.000,"","","","","","",53100,"","",2010,33
2010-08-21 00:00:00.000,"","","","","","",56200,"","",2010,34
2010-08-28 00:00:00.000,"","","","","","",58200,"","",2010,35
2010-09-04 00:00:00.000,"","","","","","",56200,"","",2010,36
2010-09-11 00:00:00.000,"","","","","","",52300,"","",2010,37
2010-09-18 00:00:00.000,"","","","","","",58700,"","",2010,38
2010-09-25 00:00:00.000,"","","","","","",58900,"","",2010,39
2010-10-02 00:00:00.000,"","","","","","",58600,"","",2010,40
2010-10-09 00:00:00.000,"","","","","","",60900,"","",2010,41
2010-10-16 00:00:00.000,"","","","","","",61200,"","",2010,42
2010-10-23 00:00:00.000,"","","","","","",61900,"","",2010,43
2010-10-30 00:00:00.000,"","","","","","",62900,"","",2010,44
2010-11-06 00:00:00.000,"","","","","","",64300,"","",2010,45
2010-11-13 00:00:00.000,"","","","","","",64100,"","",2010,46
2010-11-20 00:00:00.000,"","","","","","",62600,"","",2010,47
2010-11-27 00:00:00.000,"","","","","","",40900,"","",2010,48
2010-12-04 00:00:00.000,"","","","","","",64700,"","",2010,49
2010-12-11 00:00:00.000,"","","","","","",61700,"","",2010,50
2010-12-18 00:00:00.000,"","","","","","",64700,"","",2010,51
2010-12-25 00:00:00.000,"","","","","","",61700,"","",2010,52
2011-01-01 00:00:00.000,"","","","","","",45000,"","",2011,1
2011-01-08 00:00:00.000,"","","","","","",56700,"","",2011,2
2011-01-21 00:00:00.000,"","","","","","",57900,"","",2011,3
2011-01-28 00:00:00.000,"","","","","","",56700,"","",2011,4
2011-02-04 00:00:00.000,"","","","","","",57600,"","",2011,5
2011-02-11 00:00:00.000,"","","","","","",49000,"","",2011,6
2011-02-18 00:00:00.000,"","","","","","",56900,"","",2011,7
2011-02-25 00:00:00.000,"","","","","","",58400,"","",2011,8
2011-03-04 00:00:00.000,"","","","","","",56700,"","",2011,9
2011-03-11 00:00:00.000,"","","","","","",56800,"","",2011,10
2011-03-18 00:00:00.000,"","","","","","",60200,"","",2011,11
2011-03-25 00:00:00.000,"","","","","","",59100,"","",2011,12
2011-04-01 00:00:00.000,"","","","","","",57400,"","",2011,13
2011-04-08 00:00:00.000,"","","","","","",50300,"","",2011,14
2011-04-15 00:00:00.000,"","","","","","",55700,"","",2011,15
2011-04-22 00:00:00.000,"","","","","","",58600,"","",2011,16
2011-04-29 00:00:00.000,"","","","","","",55600,"","",2011,17
2011-05-06 00:00:00.000,"","","","","","",57000,"","",2011,18
2011-05-13 00:00:00.000,"","","","","","",57500,"","",2011,19
2011-05-20 00:00:00.000,"","","","","","",55600,"","",2011,20
2011-05-27 00:00:00.000,"","","","","","",59200,"","",2011,21
2011-06-03 00:00:00.000,"","","","","","",56800,"","",2011,22
2011-06-10 00:00:00.000,"","","","","","",50000,"","",2011,23
2011-06-17 00:00:00.000,"","","","","","",58700,"","",2011,24
2011-06-24 00:00:00.000,"","","","","","",59900,"","",2011,25
2011-07-01 00:00:00.000,"","","","","","",61000,"","",2011,26
2011-07-08 00:00:00.000,"","","","","","",59600,"","",2011,27
2011-07-15 00:00:00.000,"","","","","","",50400,"","",2011,28
2011-07-22 00:00:00.000,"","","","","","",56100,"","",2011,29
2011-07-29 00:00:00.000,"","","","","","",54600,"","",2011,30
2011-08-05 00:00:00.000,"","","","","","",58300,"","",2011,31
2011-08-12 00:00:00.000,"","","","","","",55200,"","",2011,32
2011-08-19 00:00:00.000,"","","","","","",57900,"","",2011,33
2011-08-26 00:00:00.000,"","","","","","",57800,"","",2011,34
2011-09-02 00:00:00.000,"","","","","","",62500,"","",2011,35
2011-09-09 00:00:00.000,"","","","","","",59800,"","",2011,36
2011-09-16 00:00:00.000,"","","","","","",50400,"","",2011,37
2011-09-23 00:00:00.000,"","","","","","",65000,"","",2011,38
2011-09-30 00:00:00.000,"","","","","","",64900,"","",2011,39
2011-10-07 00:00:00.000,"","","","","","",62800,"","",2011,40
2011-10-14 00:00:00.000,"","","","","","",62400,"","",2011,41
2011-10-21 00:00:00.000,"","","","","","",62100,"","",2011,42
2011-10-28 00:00:00.000,"","","","","","",65200,"","",2011,43
2011-11-04 00:00:00.000,"","","","","","",63000,"","",2011,44
2011-11-11 00:00:00.000,"","","","","","",66100,"","",2011,45
2011-11-18 00:00:00.000,"","","","","","",63700,"","",2011,46
2011-11-25 00:00:00.000,"","","","","","",66400,"","",2011,47
2011-12-02 00:00:00.000,"","","","","","",43700,"","",2011,48
2011-12-09 00:00:00.000,"","","","","","",67300,"","",2011,49
2011-12-16 00:00:00.000,"","","","","","",67700,"","",2011,50
2011-12-23 00:00:00.000,"","","","","","",64700,"","",2011,51
2011-12-30 00:00:00.000,"","","","","","",53300,"","",2011,52
2012-01-07 00:00:00.000,"","","","","","",51800,"","",2012,1
2012-01-14 00:00:00.000,"","","","","","",59500,"","",2012,2
2012-01-21 00:00:00.000,"","","","","","",57500,"","",2012,3
2012-01-28 00:00:00.000,"","","","","","",52300,"","",2012,4
2012-02-04 00:00:00.000,"","","","","","",56900,"","",2012,5
2012-02-11 00:00:00.000,"","","","","","",56800,"","",2012,6
2012-02-18 00:00:00.000,"","","","","","",57100,"","",2012,7
2012-02-25 00:00:00.000,"","","","","","",54900,"","",2012,8
2012-03-03 00:00:00.000,"","","","","","",55700,"","",2012,9
2012-03-10 00:00:00.000,"","","","","","",54800,"","",2012,10
2012-03-17 00:00:00.000,"","","","","","",55800,"","",2012,11
2012-03-24 00:00:00.000,"","","","","","",55600,"","",2012,12
2012-03-31 00:00:00.000,"","","","","","",55900,"","",2012,13
2012-04-07 00:00:00.000,"","","","","","",53300,"","",2012,14
2012-04-14 00:00:00.000,"","","","","","",54800,"","",2012,15
2012-04-21 00:00:00.000,"","","","","","",56000,"","",2012,16
2012-04-28 00:00:00.000,"","","","","","",57800,"","",2012,17
2012-05-05 00:00:00.000,"","","","","","",56900,"","",2012,18
2012-05-12 00:00:00.000,"","","","","","",56800,"","",2012,19
2012-05-19 00:00:00.000,"","","","","","",56900,"","",2012,20
2012-05-26 00:00:00.000,"","","","","","",57000,"","",2012,21
2012-06-02 00:00:00.000,"","","","","","",43500,"","",2012,22
2012-06-09 00:00:00.000,"","","","","","",59700,"","",2012,23
2012-06-16 00:00:00.000,"","","","","","",59700,"","",2012,24
2012-06-23 00:00:00.000,"","","","","","",57100,"","",2012,25
2012-06-30 00:00:00.000,"","","","","","",56000,"","",2012,26
2012-07-07 00:00:00.000,"","","","","","",43200,"","",2012,27
2012-07-14 00:00:00.000,"","","","","","",57700,"","",2012,28
2012-07-21 00:00:00.000,"","","","","","",56500,"","",2012,29
2012-07-28 00:00:00.000,"","","","","","",61400,"","",2012,30
2012-08-04 00:00:00.000,"","","","","","",62900,"","",2012,31
2012-08-11 00:00:00.000,"","","","","","",61300,"","",2012,32
2012-08-18 00:00:00.000,"","","","","","",60100,"","",2012,33
2012-08-25 00:00:00.000,"","","","","","",60500,"","",2012,34
2012-09-01 00:00:00.000,"","","","","","",60900,"","",2012,35
2012-09-08 00:00:00.000,"","","","","","",53600,"","",2012,36
2012-09-15 00:00:00.000,"","","","","","",64900,"","",2012,37
2012-09-22 00:00:00.000,"","","","","","",66700,"","",2012,38
2012-09-29 00:00:00.000,"","","","","","",66000,"","",2012,39
2012-10-06 00:00:00.000,"","","","","","",67300,"","",2012,40
2012-10-13 00:00:00.000,"","","","","","",62700,"","",2012,41
2012-10-20 00:00:00.000,"","","","","","",63800,"","",2012,42
2012-10-27 00:00:00.000,"","","","","","",60500,"","",2012,43
2012-11-03 00:00:00.000,"","","","","","",60200,"","",2012,44
2012-11-10 00:00:00.000,"","","","","","",64200,"","",2012,45
2012-11-17 00:00:00.000,"","","","","","",62000,"","",2012,46
2012-11-24 00:00:00.000,"","","","","","",43600,"","",2012,47
2012-12-01 00:00:00.000,"","","","","","",64500,"","",2012,48
2012-12-08 00:00:00.000,"","","","","","",65500,"","",2012,49
2012-12-15 00:00:00.000,"","","","","","",65100,"","",2012,50
2012-12-22 00:00:00.000,"","","","","","",62200,"","",2012,51
2012-12-29 00:00:00.000,"","","","","","",34980,"","",2012,52
2013-01-05 00:00:00.000,"","","","","","",46600,"","",2013,1
2013-01-12 00:00:00.000,"","","","","","",56450,"","",2013,2
2013-01-19 00:00:00.000,"","","","","","",59740,"","",2013,3
2013-01-26 00:00:00.000,"","","","","","",57300,"","",2013,4
2013-02-02 00:00:00.000,"","","","","","",55300,"","",2013,5
2013-02-09 00:00:00.000,"","","","","","",57100,"","",2013,6
2013-02-16 00:00:00.000,"","","","","","",56690,"","",2013,7
2013-02-23 00:00:00.000,"","","","","","",55250,"","",2013,8
2013-03-02 00:00:00.000,"","","","","","",54930,"","",2013,9
2013-03-09 00:00:00.000,"","","","","","",56950,"","",2013,10
2013-03-16 00:00:00.000,"","","","","","",60500,"","",2013,11
2013-03-23 00:00:00.000,"","","","","","",57980,"","",2013,12
2013-03-30 00:00:00.000,"","","","","","",57910,"","",2013,13
2013-04-06 00:00:00.000,"","","","","","",60280,"","",2013,14
2013-04-13 00:00:00.000,"","","","","","",55700,"","",2013,15
2013-04-20 00:00:00.000,"","","","","","",58800,"","",2013,16
2013-04-27 00:00:00.000,"","","","","","",58700,"","",2013,17
2013-05-04 00:00:00.000,"","","","","","",53060,"","",2013,18
2013-05-11 00:00:00.000,"","","","","","",58940,"","",2013,19
2013-05-18 00:00:00.000,"","","","","","",55990,"","",2013,20
2013-05-25 00:00:00.000,"","","","","","",59245,"","",2013,21
2013-06-01 00:00:00.000,"","","","","","",51319,"","",2013,22
2013-06-08 00:00:00.000,"","","","","","",50650,"","",2013,23
2013-06-15 00:00:00.000,"","","","","","",58000,"","",2013,24
2013-06-22 00:00:00.000,"","","","","","",56260,"","",2013,25
2013-06-29 00:00:00.000,"","","","","","",55160,"","",2013,26
2013-07-06 00:00:00.000,"","","","","","",39490,"","",2013,27
2013-07-13 00:00:00.000,"","","","","","",57640,"","",2013,28
2013-07-20 00:00:00.000,"","","","","","",56398,"","",2013,29
2013-07-27 00:00:00.000,"","","","","","",57100,"","",2013,30
2013-08-03 00:00:00.000,"","","","","","",58020,"","",2013,31
2013-08-10 00:00:00.000,"","","","","","",55180,"","",2013,32
2013-08-17 00:00:00.000,"","","","","","",55710,"","",2013,33
2013-08-24 00:00:00.000,"","","","","","",54650,"","",2013,34
2013-08-31 00:00:00.000,"","","","","","",55930,"","",2013,35
2013-09-07 00:00:00.000,"","","","","","",49049,"","",2013,36
2013-09-14 00:00:00.000,"","","","","","",59160,"","",2013,37
2013-09-21 00:00:00.000,"","","","","","",58020,"","",2013,38
2013-09-28 00:00:00.000,"","","","","","",59590,"","",2013,39
2013-10-05 00:00:00.000,"","","","","","",57030,"","",2013,40
2013-10-12 00:00:00.000,"","","","","","",58040,"","",2013,41
2013-10-19 00:00:00.000,"","","","","","",59220,"","",2013,42
2013-10-26 00:00:00.000,"","","","","","",59830,"","",2013,43
2013-11-02 00:00:00.000,"","","","","","",59180,"","",2013,44
2013-11-09 00:00:00.000,"","","","","","",60240,"","",2013,45
2013-11-16 00:00:00.000,"","","","","","",58850,"","",2013,46
2013-11-23 00:00:00.000,"","","","","","",60330,"","",2013,47
2013-11-30 00:00:00.000,"","","","","","",44217,"","",2013,48
2013-12-07 00:00:00.000,"","","","","","",60250,"","",2013,49
2013-12-14 00:00:00.000,"","","","","","",62300,"","",2013,50
2013-12-21 00:00:00.000,"","","","","","",60280,"","",2013,51
2013-12-28 00:00:00.000,"","","","","","",38361,"","",2013,52
2014-01-04 00:00:00.000,"","","","","","",42997,"","",2014,1
2014-01-11 00:00:00.000,"","","","","","",50374,"","",2014,2
2014-01-18 00:00:00.000,"","","","","","",56195,"","",2014,3
2014-01-25 00:00:00.000,"","","","","","",56402,"","",2014,4
2014-02-01 00:00:00.000,"","","","","","",53913,"","",2014,5
2014-02-08 00:00:00.000,"","","","","","",50770,"","",2014,6
2014-02-15 00:00:00.000,"","","","","","",55580,"","",2014,7
2014-02-22 00:00:00.000,"","","","","","",56640,"","",2014,8
2014-03-01 00:00:00.000,"","","","","","",53600,"","",2014,9
2014-03-08 00:00:00.000,"","","","","","",54928,"","",2014,10
2014-03-15 00:00:00.000,"","","","","","",57410,"","",2014,11
2014-03-22 00:00:00.000,"","","","","","",50505,"","",2014,12
2014-03-29 00:00:00.000,"","","","","","",55840,"","",2014,13
2014-04-05 00:00:00.000,"","","","","","",54166,"","",2014,14
2014-04-12 00:00:00.000,"","","","","","",54560,"","",2014,15
2014-04-19 00:00:00.000,"","","","","","",52710,"","",2014,16
2014-04-26 00:00:00.000,"","","","","","",53592,"","",2014,17
2014-05-03 00:00:00.000,"","","","","","",53240,"","",2014,18
2014-05-10 00:00:00.000,"","","","","","",52536,"","",2014,19
2014-05-17 00:00:00.000,"","","","","","",52758,"","",2014,20
2014-05-24 00:00:00.000,"","","","","","",50806,"","",2014,21
2014-05-31 00:00:00.000,"","","","","","",45706,"","",2014,22
2014-06-07 00:00:00.000,"","","","","","",52809,"","",2014,23
2014-06-14 00:00:00.000,"","","","","","",53899,"","",2014,24
2014-06-21 00:00:00.000,"","","","","","",51640,"","",2014,25
2014-06-28 00:00:00.000,"","","","","","",50278,"","",2014,26
2014-07-05 00:00:00.000,"","","","","","",42926,"","",2014,27
2014-07-12 00:00:00.000,"","","","","","",51637,"","",2014,28
2014-07-19 00:00:00.000,"","","","","","",53085,"","",2014,29
2014-07-26 00:00:00.000,"","","","","","",50454,"","",2014,30
2014-08-02 00:00:00.000,"","","","","","",51487,"","",2014,31
2014-08-09 00:00:00.000,"","","","","","",52420,"","",2014,32
2014-08-16 00:00:00.000,"","","","","","",50857,"","",2014,33
2014-08-23 00:00:00.000,"","","","","","",52492,"","",2014,34
2014-08-30 00:00:00.000,"","","","","","",52790,"","",2014,35
2014-09-06 00:00:00.000,"","","","","","",46271,"","",2014,36
2014-09-13 00:00:00.000,"","","","","","",56039,"","",2014,37
2014-09-20 00:00:00.000,"","","","","","",55164,"","",2014,38
2014-09-27 00:00:00.000,"","","","","","",56447,"","",2014,39
2014-10-04 00:00:00.000,"","","","","","",57399,"","",2014,40
2014-10-11 00:00:00.000,"","","","","","",56252,"","",2014,41
2014-10-18 00:00:00.000,"","","","","","",54829,"","",2014,42
2014-10-25 00:00:00.000,"","","","","","",54826,"","",2014,43
2014-11-01 00:00:00.000,"","","","","","",58922,"","",2014,44
2014-11-08 00:00:00.000,"","","","","","",57641,"","",2014,45
2014-11-15 00:00:00.000,"","","","","","",57455,"","",2014,46
2014-11-22 00:00:00.000,"","","","","","",60802,"","",2014,47
2014-11-29 00:00:00.000,"","","","","","",42646,"","",2014,48
2014-12-06 00:00:00.000,"","","","","","",62529,"","",2014,49
2014-12-13 00:00:00.000,"","","","","","",63827,"","",2014,50
2014-12-20 00:00:00.000,"","","","","","",62782,"","",2014,51
2014-12-27 00:00:00.000,"","","","","","",36466,"","",2014,52
2015-01-03 00:00:00.000,"","","","","","",40549,"","",2015,1
2015-01-10 00:00:00.000,"","","","","","",56689,"","",2015,2
2015-01-17 00:00:00.000,"","","","","","",58211,"","",2015,3
2015-01-24 00:00:00.000,"","","","","","",57310,"","",2015,4
2015-01-31 00:00:00.000,"","","","","","",54740,"","",2015,5
2015-02-07 00:00:00.000,"","","","","","",56017,"","",2015,6
2015-02-14 00:00:00.000,"","","","","","",54798,"","",2015,7
2015-02-21 00:00:00.000,"","","","","","",54146,"","",2015,8
2015-02-28 00:00:00.000,"","","","","","",56831,"","",2015,9
2015-03-07 00:00:00.000,"","","","","","",53549,"","",2015,10
2015-03-14 00:00:00.000,"","","","","","",58522,"","",2015,11
2015-03-21 00:00:00.000,"","","","","","",56410,"","",2015,12
2015-03-28 00:00:00.000,"","","","","","",56050,"","",2015,13
2015-04-04 00:00:00.000,"","","","","","",53168,"","",2015,14
2015-04-11 00:00:00.000,"","","","","","",54097,"","",2015,15
2015-04-18 00:00:00.000,"","","","","","",53442,"","",2015,16
2015-04-25 00:00:00.000,"","","","","","",46767,"","",2015,17
2015-05-02 00:00:00.000,"","","","","","",58367,"","",2015,18
2015-05-09 00:00:00.000,"","","","","","",57346,"","",2015,19
2015-05-16 00:00:00.000,"","","","","","",59546,"","",2015,20
2015-05-23 00:00:00.000,"","","","","","",55604,"","",2015,21
2015-05-30 00:00:00.000,"","","","","","",48841,"","",2015,22
2015-06-06 00:00:00.000,"","","","","","",58928,"","",2015,23
2015-06-13 00:00:00.000,"","","","","","",56543,"","",2015,24
2015-06-20 00:00:00.000,"","","","","","",57260,"","",2015,25
2015-06-27 00:00:00.000,"","","","","","",57195,"","",2015,26
2015-07-04 00:00:00.000,"","","","","","",47245,"","",2015,27
2015-07-11 00:00:00.000,"","","","","","",55440,"","",2015,28
2015-07-18 00:00:00.000,"","","","","","",55610,"","",2015,29
2015-07-25 00:00:00.000,"","","","","","",54397,"","",2015,30
2015-08-01 00:00:00.000,"","","","","","",54878,"","",2015,31
2015-08-08 00:00:00.000,"","","","","","",54497,"","",2015,32
2015-08-15 00:00:00.000,"","","","","","",53839,"","",2015,33
2015-08-22 00:00:00.000,"","","","","","",54862,"","",2015,34
2015-08-29 00:00:00.000,"","","","","","",55191,"","",2015,35
2015-09-05 00:00:00.000,"","","","","","",52609,"","",2015,36
2015-09-12 00:00:00.000,"","","","","","",48855,"","",2015,37
2015-09-19 00:00:00.000,"","","","","","",59477,"","",2015,38
2015-09-26 00:00:00.000,"","","","","","",59650,"","",2015,39
2015-10-03 00:00:00.000,"","","","","","",54836,"","",2015,40
2015-10-10 00:00:00.000,"","","","","","",56138,"","",2015,41
2015-10-17 00:00:00.000,"","","","","","",54909,"","",2015,42
2015-10-24 00:00:00.000,"","","","","","",54346,"","",2015,43
2015-10-31 00:00:00.000,"","","","","","",57497,"","",2015,44
2015-11-07 00:00:00.000,"","","","","","",52911,"","",2015,45
2015-11-14 00:00:00.000,"","","","","","",58877,"","",2015,46
2015-11-21 00:00:00.000,"","","","","","",59113,"","",2015,47
2015-11-28 00:00:00.000,"","","","","","",37240,"","",2015,48
2015-12-05 00:00:00.000,"","","","","","",57538,"","",2015,49
2015-12-12 00:00:00.000,"","","","","","",60561,"","",2015,50
2015-12-19 00:00:00.000,"","","","","","",63120,"","",2015,51
2015-12-26 00:00:00.000,"","","","","","",39240,"","",2015,52
2016-01-02 00:00:00.000,"","","","","","",40309,"","",2016,1
2016-01-09 00:00:00.000,"","","","","","",58464,"","",2016,2
2016-01-16 00:00:00.000,"","","","","","",59279,"","",2016,3
2016-01-23 00:00:00.000,"","","","","","",53269,"","",2016,4
2016-01-30 00:00:00.000,"","","","","","",60201,"","",2016,5
2016-02-06 00:00:00.000,"","","","","","",55466,"","",2016,6
2016-02-13 00:00:00.000,"","","","","","",55562,"","",2016,7
2016-02-20 00:00:00.000,"","","","","","",54990,"","",2016,8
2016-02-27 00:00:00.000,"","","","","","",58871,"","",2016,9
2016-03-05 00:00:00.000,"","","","","","",59353,"","",2016,10
2016-03-12 00:00:00.000,"","","","","","",56598,"","",2016,11
2016-03-19 00:00:00.000,"","","","","","",56234,"","",2016,12
2016-03-26 00:00:00.000,"","","","","","",52036,"","",2016,13
2016-04-02 00:00:00.000,"","","","","","",55368,"","",2016,14
2016-04-09 00:00:00.000,"","","","","","",54874,"","",2016,15
2016-04-16 00:00:00.000,"","","","","","",56288,"","",2016,16
2016-04-23 00:00:00.000,"","","","","","",55543,"","",2016,17
2016-04-30 00:00:00.000,"","","","","","",56575,"","",2016,18
2016-05-07 00:00:00.000,"","","","","","",56964,"","",2016,19
2016-05-14 00:00:00.000,"","","","","","",52224,"","",2016,20
2016-05-21 00:00:00.000,"","","","","","",52177,"","",2016,21
2016-05-28 00:00:00.000,"","","","","","",48130,"","",2016,22
2016-06-04 00:00:00.000,"","","","","","",55310,"","",2016,23
2016-06-11 00:00:00.000,"","","","","","",54158,"","",2016,24
2016-06-18 00:00:00.000,"","","","","","",49361,"","",2016,25
2016-06-25 00:00:00.000,"","","","","","",47214,"","",2016,26
2016-07-02 00:00:00.000,"","","","","","",54304,"","",2016,27
2016-07-09 00:00:00.000,"","","","","","",55880,"","",2016,28
2016-07-16 00:00:00.000,"","","","","","",55317,"","",2016,29
2016-07-23 00:00:00.000,"","","","","","",54780,"","",2016,30
2016-07-30 00:00:00.000,"","","","","","",52932,"","",2016,31
2016-08-06 00:00:00.000,"","","","","","",55621,"","",2016,32
2016-08-13 00:00:00.000,"","","","","","",56167,"","",2016,33
2016-08-20 00:00:00.000,"","","","","","",57091,"","",2016,34
2016-08-27 00:00:00.000,"","","","","","",47887,"","",2016,35
2016-09-03 00:00:00.000,"","","","","","",60354,"","",2016,36
2016-09-10 00:00:00.000,"","","","","","",58676,"","",2016,37
2016-09-17 00:00:00.000,"","","","","","",58341,"","",2016,38
2016-09-24 00:00:00.000,"","","","","","",54848,"","",2016,39
2016-10-01 00:00:00.000,"","","","","","",53460,"","",2016,40
2016-10-08 00:00:00.000,"","","","","","",51546,"","",2016,41
2016-10-15 00:00:00.000,"","","","","","",57861,"","",2016,42
2016-10-22 00:00:00.000,"","","","","","",58641,"","",2016,43
2016-10-29 00:00:00.000,"","","","","","",60903,"","",2016,44
2016-11-05 00:00:00.000,"","","","","","",58018,"","",2016,45
2016-11-12 00:00:00.000,"","","","","","",61424,"","",2016,46
2016-11-19 00:00:00.000,"","","","","","",60987,"","",2016,47
2016-11-26 00:00:00.000,"","","","","","",41517,"","",2016,48
2016-12-03 00:00:00.000,"","","","","","",63464,"","",2016,49
2016-12-10 00:00:00.000,"","","","","","",59812,"","",2016,50
2016-12-17 00:00:00.000,"","","","","","",59453,"","",2016,51
2016-12-24 00:00:00.000,"","","","","","",56227,"","",2016,52
2016-12-31 00:00:00.000,"","","","","","",40117,"","",2016,53
2017-01-07 00:00:00.000,"","","","","","",48629,"","",2017,1
2017-01-14 00:00:00.000,"","","","","","",58573,"","",2017,2
2017-01-21 00:00:00.000,"","","","","","",55825,"","",2017,3
2017-01-28 00:00:00.000,"","","","","","",58139,"","",2017,4
2017-02-04 00:00:00.000,"","","","","","",59834,"","",2017,5
2017-02-11 00:00:00.000,"","","","","","",58628,"","",2017,6
2017-02-18 00:00:00.000,"","","","","","",57628,"","",2017,7
2017-02-25 00:00:00.000,"","","","","","",57478,"","",2017,8
2017-03-04 00:00:00.000,"","","","","","",58604,"","",2017,9
2017-03-11 00:00:00.000,"","","","","","",58340,"","",2017,10
2017-03-18 00:00:00.000,"","","","","","",58480,"","",2017,11
2017-03-25 00:00:00.000,"","","","","","",59110,"","",2017,12
2017-04-01 00:00:00.000,"","","","","","",59925,"","",2017,13
2017-04-08 00:00:00.000,"","","","","","",59543,"","",2017,14
2017-04-15 00:00:00.000,"","","","","","",55773,"","",2017,15
2017-04-22 00:00:00.000,"","","","","","",58988,"","",2017,16
2017-04-29 00:00:00.000,"","","","","","",58257,"","",2017,17
2017-05-06 00:00:00.000,"","","","","","",57627,"","",2017,18
2017-05-13 00:00:00.000,"","","","","","",58402,"","",2017,19
2017-05-20 00:00:00.000,"","","","","","",57369,"","",2017,20
2017-05-27 00:00:00.000,"","","","","","",58160,"","",2017,21
2017-06-03 00:00:00.000,"","","","","","",45094,"","",2017,22
2017-06-10 00:00:00.000,"","","","","","",61044,"","",2017,23
2017-06-17 00:00:00.000,"","","","","","",58332,"","",2017,24
2017-06-24 00:00:00.000,"","","","","","",58048,"","",2017,25
2017-07-01 00:00:00.000,"","","","","","",57791,"","",2017,26
2017-07-08 00:00:00.000,"","","","","","",43444,"","",2017,27
2017-07-15 00:00:00.000,"","","","","","",56227,"","",2017,28
2017-07-22 00:00:00.000,"","","","","","",54339,"","",2017,29
2017-07-29 00:00:00.000,"","","","","","",54405,"","",2017,30
2017-08-05 00:00:00.000,"","","","","","",56704,"","",2017,31
2017-08-12 00:00:00.000,"","","","","","",55986,"","",2017,32
2017-08-19 00:00:00.000,"","","","","","",55270,"","",2017,33
2017-08-26 00:00:00.000,"","","","","","",53299,"","",2017,34
2017-09-02 00:00:00.000,"","","","","","",56075,"","",2017,35
2017-09-09 00:00:00.000,"","","","","","",48371,"","",2017,36
2017-09-16 00:00:00.000,"","","","","","",56264,"","",2017,37
2017-09-23 00:00:00.000,"","","","","","",59391,"","",2017,38
2017-09-30 00:00:00.000,"","","","","","",57790,"","",2017,39
2017-10-07 00:00:00.000,"","","","","","",58816,"","",2017,40
2017-10-14 00:00:00.000,"","","","","","",56813,"","",2017,41
2017-10-21 00:00:00.000,"","","","","","",61581,"","",2017,42
2017-10-28 00:00:00.000,"","","","","","",59879,"","",2017,43
2017-11-04 00:00:00.000,"","","","","","",56343,"","",2017,44
2017-11-11 00:00:00.000,"","","","","","",61848,"","",2017,45
2017-11-18 00:00:00.000,"","","","","","",63257,"","",2017,46
2017-11-25 00:00:00.000,"","","","","","",40552,"","",2017,47
2017-12-02 00:00:00.000,"","","","","","",64463,"","",2017,48
2017-12-09 00:00:00.000,"","","","","","",63487,"","",2017,49
2017-12-16 00:00:00.000,"","","","","","",64905,"","",2017,50
2017-12-23 00:00:00.000,"","","","","","",60157,"","",2017,51
2017-12-30 00:00:00.000,"","","","","","",38550,"","",2017,52
2018-01-06 00:00:00.000,"","","","","","",46881,"","",2018,1
2018-01-13 00:00:00.000,"","","","","","",60241,"","",2018,2
2018-01-20 00:00:00.000,"","","","","","",61161,"","",2018,3
2018-01-27 00:00:00.000,"","","","","","",58307,"","",2018,4
2018-02-03 00:00:00.000,"","","","","","",61490,"","",2018,5
2018-02-10 00:00:00.000,"","","","","","",59863,"","",2018,6
2018-02-17 00:00:00.000,"","","","","","",59320,"","",2018,7
2018-02-24 00:00:00.000,"","","","","","",57425,"","",2018,8
2018-03-03 00:00:00.000,"","","","","","",57970,"","",2018,9
2018-03-10 00:00:00.000,"","","","","","",58258,"","",2018,10
2018-03-17 00:00:00.000,"","","","","","",60409,"","",2018,11
2018-03-24 00:00:00.000,"","","","","","",60398,"","",2018,12
2018-03-31 00:00:00.000,"","","","","","",55106,"","",2018,13
2018-04-07 00:00:00.000,"","","","","","",60445,"","",2018,14
2018-04-14 00:00:00.000,"","","","","","",59259,"","",2018,15
2018-04-21 00:00:00.000,"","","","","","",57566,"","",2018,16
2018-04-28 00:00:00.000,"","","","","","",56832,"","",2018,17
2018-05-05 00:00:00.000,"","","","","","",57093,"","",2018,18
2018-05-12 00:00:00.000,"","","","","","",58266,"","",2018,19
2018-05-19 00:00:00.000,"","","","","","",59307,"","",2018,20
2018-05-26 00:00:00.000,"","","","","","",57411,"","",2018,21
2018-06-02 00:00:00.000,"","","","","","",50683,"","",2018,22
2018-06-09 00:00:00.000,"","","","","","",55761,"","",2018,23
2018-06-16 00:00:00.000,"","","","","","",60611,"","",2018,24
2018-06-23 00:00:00.000,"","","","","","",58015,"","",2018,25
2018-06-30 00:00:00.000,"","","","","","",59247,"","",2018,26
2018-07-07 00:00:00.000,"","","","","","",43602,"","",2018,27
2018-07-14 00:00:00.000,"","","","","","",58405,"","",2018,28
2018-07-21 00:00:00.000,"","","","","","",57406,"","",2018,29
2018-07-28 00:00:00.000,"","","","","","",59369,"","",2018,30
2018-08-04 00:00:00.000,"","","","","","",56319,"","",2018,31
2018-08-11 00:00:00.000,"","","","","","",56886,"","",2018,32
2018-08-18 00:00:00.000,"","","","","","",58434,"","",2018,33
2018-08-25 00:00:00.000,"","","","","","",58660,"","",2018,34
2018-09-01 00:00:00.000,"","","","","","",60193,"","",2018,35
2018-09-08 00:00:00.000,"","","","","","",51318,"","",2018,36
2018-09-15 00:00:00.000,"","","","","","",58207,"","",2018,37
2018-09-22 00:00:00.000,"","","","","","",56181,"","",2018,38
2018-09-29 00:00:00.000,"","","","","","",60102,"","",2018,39
2018-10-06 00:00:00.000,"","","","","","",60897,"","",2018,40
2018-10-13 00:00:00.000,"","","","","","",60218,"","",2018,41
2018-10-20 00:00:00.000,"","","","","","",60103,"","",2018,42
2018-10-27 00:00:00.000,"","","","","","",62180,"","",2018,43
2018-11-03 00:00:00.000,"","","","","","",61939,"","",2018,44
2018-11-10 00:00:00.000,"","","","","","",59187,"","",2018,45
2018-11-17 00:00:00.000,"","","","","","",64966,"","",2018,46
2018-11-24 00:00:00.000,"","","","","","",41481,"","",2018,47
2018-12-01 00:00:00.000,"","","","","","",64055,"","",2018,48
2018-12-08 00:00:00.000,"","","","","","",62376,"","",2018,49
2018-12-15 00:00:00.000,"","","","","","",64722,"","",2018,50
2018-12-22 00:00:00.000,"","","","","","",66196,"","",2018,51
2018-12-29 00:00:00.000,"","","","","","",41445,"","",2018,52
2019-01-05 00:00:00.000,"","","","","","",42789,"","",2019,1
2019-01-12 00:00:00.000,"","","","","","",61605,"","",2019,2
2019-01-19 00:00:00.000,"","","","","","",61611,"","",2019,3
2019-01-26 00:00:00.000,"","","","","","",60997,"","",2019,4
2019-02-02 00:00:00.000,"","","","","","",52830,"","",2019,5
2019-02-09 00:00:00.000,"","","","","","",57632,"","",2019,6
2019-02-16 00:00:00.000,"","","","","","",57176,"","",2019,7
2019-02-23 00:00:00.000,"","","","","","",58637,"","",2019,8
2019-03-02 00:00:00.000,"","","","","","",58218,"","",2019,9
2019-03-09 00:00:00.000,"","","","","","",57259,"","",2019,10
2019-03-16 00:00:00.000,"","","","","","",59987,"","",2019,11
2019-03-23 00:00:00.000,"","","","","","",59542,"","",2019,12
2019-03-30 00:00:00.000,"","","","","","",60971,"","",2019,13
2019-04-06 00:00:00.000,"","","","","","",60320,"","",2019,14
2019-04-13 00:00:00.000,"","","","","","",60044,"","",2019,15
2019-04-20 00:00:00.000,"","","","","","",54196,"","",2019,16
2019-04-27 00:00:00.000,"","","","","","",59904,"","",2019,17
2019-05-04 00:00:00.000,"","","","","","",55454,"","",2019,18
2019-05-11 00:00:00.000,"","","","","","",58806,"","",2019,19
2019-05-18 00:00:00.000,"","","","","","",57687,"","",2019,20
2019-05-25 00:00:00.000,"","","","","","",52895,"","",2019,21
2019-06-01 00:00:00.000,"","","","","","",49341,"","",2019,22
2019-06-08 00:00:00.000,"","","","","","",59305,"","",2019,23
2019-06-15 00:00:00.000,"","","","","","",59901,"","",2019,24
2019-06-22 00:00:00.000,"","","","","","",59373,"","",2019,25
2019-06-29 00:00:00.000,"","","","","","",63017,"","",2019,26
2019-07-06 00:00:00.000,"","","","","","",41879,"","",2019,27
2019-07-13 00:00:00.000,"","","","","","",59899,"","",2019,28
2019-07-20 00:00:00.000,"","","","","","",59167,"","",2019,29
2019-07-27 00:00:00.000,"","","","","","",58370,"","",2019,30
2019-08-03 00:00:00.000,"","","","","","",55833,"","",2019,31
2019-08-10 00:00:00.000,"","","","","","",56232,"","",2019,32
2019-08-17 00:00:00.000,"","","","","","",55762,"","",2019,33
2019-08-24 00:00:00.000,"","","","","","",55417,"","",2019,34
2019-08-31 00:00:00.000,"","","","","","",55611,"","",2019,35
2019-09-07 00:00:00.000,"","","","","","",49614,"","",2019,36
2019-09-14 00:00:00.000,"","","","","","",61809,"","",2019,37
2019-09-21 00:00:00.000,"","","","","","",61310,"","",2019,38
2019-09-28 00:00:00.000,"","","","","","",55969,"","",2019,39
2019-10-05 00:00:00.000,"","","","","","",56608,"","",2019,40
2019-10-12 00:00:00.000,"","","","","","",62405,"","",2019,41
2019-10-19 00:00:00.000,"","","","","","",59058,"","",2019,42
2019-10-26 00:00:00.000,"","","","","","",60646,"","",2019,43
2019-11-02 00:00:00.000,"","","","","","",59677,"","",2019,44
2019-11-09 00:00:00.000,"","","","","","",62804,"","",2019,45
2019-11-16 00:00:00.000,"","","","","","",62797,"","",2019,46
2019-11-23 00:00:00.000,"","","","","","",65184,"","",2019,47
2019-11-30 00:00:00.000,"","","","","","",41518,"","",2019,48
2019-12-07 00:00:00.000,"","","","","","",67204,"","",2019,49
2019-12-14 00:00:00.000,"","","","","","",65459,"","",2019,50
2019-12-21 00:00:00.000,"","","","","","",65772,"","",2019,51
2019-12-28 00:00:00.000,"","","","","","",37584,"","",2019,52
2020-01-04 00:00:00.000,"","","","","","",46909,"","",2020,1
2020-01-11 00:00:00.000,"","","","","","",66051,"","",2020,2
2020-01-18 00:00:00.000,"","","","","","",65949,"","",2020,3
2020-01-25 00:00:00.000,"","","","","","",61805,"","",2020,4
2020-02-01 00:00:00.000,"","","","","","",62323,"","",2020,5
2020-02-08 00:00:00.000,"","","","","","",63771,"","",2020,6
2020-02-15 00:00:00.000,"","","","","","",61260,"","",2020,7
2020-02-22 00:00:00.000,"","","","","","",58766,"","",2020,8
2020-02-29 00:00:00.000,"","","","","","",63890,"","",2020,9
2020-03-07 00:00:00.000,"","","","","","",62760,"","",2020,10
2020-03-14 00:00:00.000,"","","","","","",61747,"","",2020,11
2020-03-21 00:00:00.000,"","","","","","",66541,"","",2020,12
2020-03-28 00:00:00.000,"","","","","","",67201,"","",2020,13
2020-04-04 00:00:00.000,"","","","","","",67408,"","",2020,14
2020-04-11 00:00:00.000,"","","","","","",61473,"","",2020,15
2020-04-18 00:00:00.000,"","","","","","",67945,"","",2020,16
2020-04-25 00:00:00.000,"","","","","","",68409,"","",2020,17
2020-05-02 00:00:00.000,"","","","","","",65846,"","",2020,18
2020-05-09 00:00:00.000,"","","","","","",70296,"","",2020,19
2020-05-16 00:00:00.000,"","","","","","",69753,"","",2020,20
2020-05-23 00:00:00.000,"","","","","","",67544,"","",2020,21
2020-05-30 00:00:00.000,"","","","","","",55735,"","",2020,22
2020-06-06 00:00:00.000,"","","","","","",69290,"","",2020,23
2020-06-13 00:00:00.000,"","","","","","",67292,"","",2020,24
2020-06-20 00:00:00.000,"","","","","","",64255,"","",2020,25
2020-06-27 00:00:00.000,"","","","","","",67801,"","",2020,26
2020-07-04 00:00:00.000,"","","","","","",50622,"","",2020,27
2020-07-11 00:00:00.000,"","","","","","",66966,"","",2020,28
2020-07-18 00:00:00.000,"","","","","","",65502,"","",2020,29
2020-07-25 00:00:00.000,"","","","","","",59840,"","",2020,30
2020-08-01 00:00:00.000,"","","","","","",63417,"","",2020,31
2020-08-08 00:00:00.000,"","","","","","",65872,"","",2020,32
2020-08-15 00:00:00.000,"","","","","","",63079,"","",2020,33
2020-08-22 00:00:00.000,"","","","","","",66952,"","",2020,34
2020-08-29 00:00:00.000,"","","","","","",65084,"","",2020,35
2020-09-05 00:00:00.000,"","","","","","",61242,"","",2020,36
2020-09-12 00:00:00.000,"","","","","","",56807,"","",2020,37
2020-09-19 00:00:00.000,"","","","","","",66145,"","",2020,38
2020-09-26 00:00:00.000,"","","","","","",65277,"","",2020,39
2020-10-03 00:00:00.000,"","","","","","",65892,"","",2020,40
2020-10-10 00:00:00.000,"","","","","","",61771,"","",2020,41
2020-10-17 00:00:00.000,"","","","","","",58923,"","",2020,42
2020-10-24 00:00:00.000,"","","","","","",63046,"","",2020,43
2020-10-31 00:00:00.000,"","","","","","",67166,"","",2020,44
2020-11-07 00:00:00.000,"","","","","","",66842,"","",2020,45
2020-11-14 00:00:00.000,"","","","","","",66102,"","",2020,46
2020-11-21 00:00:00.000,"","","","","","",62800,"","",2020,47
2020-11-28 00:00:00.000,"","","","","","",42739,"","",2020,48
2020-12-05 00:00:00.000,"","","","","","",69026,"","",2020,49
2020-12-12 00:00:00.000,"","","","","","",69501,"","",2020,50
2020-12-19 00:00:00.000,"","","","","","",69699,"","",2020,51
2020-12-26 00:00:00.000,"","","","","","",43376,"","",2020,52
2021-01-02 00:00:00.000,"","","","","","",44658,"","",2021,1
2021-01-09 00:00:00.000,"","","","","","",70686,"","",2021,2
2021-01-16 00:00:00.000,"","","","","","",67774,"","",2021,3
2021-01-23 00:00:00.000,"","","","","","",65433,"","",2021,4
2021-01-30 00:00:00.000,"","","","","","",66844,"","",2021,5
2021-02-06 00:00:00.000,"","","","","","",64307,"","",2021,6
2021-02-13 00:00:00.000,"","","","","","",58065,"","",2021,7
2021-02-20 00:00:00.000,"","","","","","",52636,"","",2021,8
2021-02-27 00:00:00.000,"","","","","","",66237,"","",2021,9
2021-03-06 00:00:00.000,"","","","","","",67457,"","",2021,10
2021-03-13 00:00:00.000,"","","","","","",70787,"","",2021,11
2021-03-20 00:00:00.000,"","","","","","",67137,"","",2021,12
2021-03-27 00:00:00.000,"","","","","","",65127,"","",2021,13
2021-04-03 00:00:00.000,"","","","","","",58035,"","",2021,14
2021-04-10 00:00:00.000,"","","","","","",65824,"","",2021,15
2021-04-17 00:00:00.000,"","","","","","",61514,"","",2021,16
2021-04-24 00:00:00.000,"","","","","","",63557,"","",2021,17
2021-05-01 00:00:00.000,"","","","","","",59536,"","",2021,18
2021-05-08 00:00:00.000,"","","","","","",58663,"","",2021,19
2021-05-15 00:00:00.000,"","","","","","",61489,"","",2021,20
2021-05-22 00:00:00.000,"","","","","","",60066,"","",2021,21
2021-05-29 00:00:00.000,"","","","","","",62217,"","",2021,22
2021-06-05 00:00:00.000,"","","","","","",49921,"","",2021,23
2021-06-12 00:00:00.000,"","","","","","",62227,"","",2021,24
2021-06-19 00:00:00.000,"","","","","","",62702,"","",2021,25
2021-06-26 00:00:00.000,"","","","","","",59654,"","",2021,26
2021-07-03 00:00:00.000,"","","","","","",56186,"","",2021,27
2021-07-10 00:00:00.000,"","","","","","",47997,"","",2021,28
2021-07-17 00:00:00.000,"","","","","","",60863,"","",2021,29
2021-07-24 00:00:00.000,"","","","","","",58582,"","",2021,30
2021-07-31 00:00:00.000,"","","","","","",57126,"","",2021,31
2021-08-07 00:00:00.000,"","","","","","",59087,"","",2021,32
2021-08-14 00:00:00.000,"","","","","","",58168,"","",2021,33
2021-08-21 00:00:00.000,"","","","","","",57772,"","",2021,34
2021-08-28 00:00:00.000,"","","","","","",59778,"","",2021,35
2021-09-04 00:00:00.000,"","","","","","",57782,"","",2021,36
2021-09-11 00:00:00.000,"","","","","","",50764,"","",2021,37
2021-09-18 00:00:00.000,"","","","","","",58419,"","",2021,38
2021-09-25 00:00:00.000,"","","","","","",58713,"","",2021,39
2021-10-02 00:00:00.000,"","","","","","",60568,"","",2021,40
2021-10-09 00:00:00.000,"","","","","","",59767,"","",2021,41
2021-10-16 00:00:00.000,"","","","","","",56876,"","",2021,42
2021-10-23 00:00:00.000,"","","","","","",60434,"","",2021,43
2021-10-30 00:00:00.000,"","","","","","",57931,"","",2021,44
2021-11-06 00:00:00.000,"","","","","","",60618,"","",2021,45
2021-11-13 00:00:00.000,"","","","","","",60866,"","",2021,46
2021-11-20 00:00:00.000,"","","","","","",62195,"","",2021,47
2021-11-27 00:00:00.000,"","","","","","",41115,"","",2021,48
2021-12-04 00:00:00.000,"","","","","","",62772,"","",2021,49
2021-12-11 00:00:00.000,"","","","","","",62652,"","",2021,50
2021-12-18 00:00:00.000,"","","","","","",65236,"","",2021,51
2021-12-25 00:00:00.000,"","","","","","",47978,"","",2021,52
2022-01-01 00:00:00.000,"","","","","","",44985,"","",2022,1
2022-01-08 00:00:00.000,"","","","","","",57536,"","",2022,2
2022-01-15 00:00:00.000,"","","","","","",63197,"","",2022,3
2022-01-22 00:00:00.000,"","","","","","",58510,"","",2022,4
2022-01-29 00:00:00.000,"","","","","","",61194,"","",2022,5
2022-02-05 00:00:00.000,"","","","","","",56690,"","",2022,6
2022-02-12 00:00:00.000,"","","","","","",61018,"","",2022,7
2022-02-19 00:00:00.000,"","","","","","",61584,"","",2022,8
2022-02-26 00:00:00.000,"","","","","","",59187,"","",2022,9
2022-03-05 00:00:00.000,"","","","","","",63987,"","",2022,10
2022-03-12 00:00:00.000,"","","","","","",61929,"","",2022,11
2022-03-19 00:00:00.000,"","","","","","",61222,"","",2022,12
2022-03-26 00:00:00.000,"","","","","","",58134,"","",2022,13
2022-04-02 00:00:00.000,"","","","","","",62492,"","",2022,14
2022-04-09 00:00:00.000,"","","","","","",59432,"","",2022,15
2022-04-16 00:00:00.000,"","","","","","",56014,"","",2022,16
2022-04-23 00:00:00.000,"","","","","","",56964,"","",2022,17
2022-04-30 00:00:00.000,"","","","","","",57412,"","",2022,18
2022-05-07 00:00:00.000,"","","","","","",56952,"","",2022,19
2022-05-14 00:00:00.000,"","","","","","",56394,"","",2022,20
2022-05-21 00:00:00.000,"","","","","","",62565,"","",2022,21
2022-05-28 00:00:00.000,"","","","","","",57325,"","",2022,22
2022-06-04 00:00:00.000,"","","","","","",49140,"","",2022,23
2022-06-11 00:00:00.000,"","","","","","",60277,"","",2022,24
2022-06-18 00:00:00.000,"","","","","","",61390,"","",2022,25
2022-06-25 00:00:00.000,"","","","","","",61323,"","",2022,26
2022-07-02 00:00:00.000,"","","","","","",60298,"","",2022,27
2022-07-09 00:00:00.000,"","","","","","",51736,"","",2022,28
2022-07-16 00:00:00.000,"","","","","","",60241,"","",2022,29
2022-07-23 00:00:00.000,"","","","","","",55529,"","",2022,30
2022-07-30 00:00:00.000,"","","","","","",58749,"","",2022,31
2022-08-06 00:00:00.000,"","","","","","",58356,"","",2022,32
2022-08-13 00:00:00.000,"","","","","","",58607,"","",2022,33
2022-08-20 00:00:00.000,"","","","","","",59409,"","",2022,34
2022-08-27 00:00:00.000,"","","","","","",59934,"","",2022,35
2022-09-03 00:00:00.000,"","","","","","",62239,"","",2022,36
2022-09-10 00:00:00.000,"","","","","","",52352,"","",2022,37
2022-09-17 00:00:00.000,"","","","","","",65727,"","",2022,38
2022-09-24 00:00:00.000,"","","","","","",58527,"","",2022,39
2022-10-01 00:00:00.000,"","","","","","",57968,"","",2022,40
2022-10-08 00:00:00.000,"","","","","","",66316,"","",2022,41
2022-10-15 00:00:00.000,"","","","","","",63859,"","",2022,42
2022-10-22 00:00:00.000,"","","","","","",62473,"","",2022,43
2022-10-29 00:00:00.000,"","","","","","",60332,"","",2022,44
2022-11-05 00:00:00.000,"","","","","","",61472,"","",2022,45
2022-11-12 00:00:00.000,"","","","","","",59808,"","",2022,46
2022-11-19 00:00:00.000,"","","","","","",61233,"","",2022,47
2022-11-26 00:00:00.000,"","","","","","",42133,"","",2022,48
2022-12-03 00:00:00.000,"","","","","","",66769,"","",2022,49
2022-12-10 00:00:00.000,"","","","","","",62720,"","",2022,50
2022-12-17 00:00:00.000,"","","","","","",61884,"","",2022,51
2022-12-24 00:00:00.000,"","","","","","",49932,"","",2022,52
2022-12-31 00:00:00.000,"","","","","","",47956,"","",2022,53
2025-11-17 00:00:00.000,"12/04/2025 10:00:03","Livestock","Federally Inspected Slaughter (Actual)","Head Slaughtered","Slaughter Hogs","Sows",63443,"Head","",2025,47
2025-11-10 00:00:00.000,"11/28/2025 08:14:27","Livestock","Federally Inspected Slaughter (Actual)","Head Slaughtered","Slaughter Hogs","Sows",52282,"Head","",2025,46
2025-11-03 00:00:00.000,"11/20/2025 08:29:32","Livestock","Federally Inspected Slaughter (Actual)","Head Slaughtered","Slaughter Hogs","Sows",58142,"Head","",2025,45
2025-10-27 00:00:00.000,"11/18/2025 12:25:24","Livestock","Federally Inspected Slaughter (Actual)","Head Slaughtered","Slaughter Hogs","Sows",57016,"Head","",2025,44
2025-10-20 00:00:00.000,"11/18/2025 12:24:29","Livestock","Federally Inspected Slaughter (Actual)","Head Slaughtered","Slaughter Hogs","Sows",54826,"Head","",2025,43
2025-10-13 00:00:00.000,"11/18/2025 12:23:38","Livestock","Federally Inspected Slaughter (Actual)","Head Slaughtered","Slaughter Hogs","Sows",58101,"Head","",2025,42
2025-10-06 00:00:00.000,"11/18/2025 12:22:12","Livestock","Federally Inspected Slaughter (Actual)","Head Slaughtered","Slaughter Hogs","Sows",56817,"Head","",2025,41
2025-09-29 00:00:00.000,"11/18/2025 12:20:26","Livestock","Federally Inspected Slaughter (Actual)","Head Slaughtered","Slaughter Hogs","Sows",59319,"Head","",2025,40
2025-09-22 00:00:00.000,"11/18/2025 12:19:13","Livestock","Federally Inspected Slaughter (Actual)","Head Slaughtered","Slaughter Hogs","Sows",57662,"Head","",2025,39
2025-09-15 00:00:00.000,"11/18/2025 12:17:23","Livestock","Federally Inspected Slaughter (Actual)","Head Slaughtered","Slaughter Hogs","Sows",57090,"Head","",2025,38
2025-09-08 00:00:00.000,"09/25/2025 10:00:02","Livestock","Federally Inspected Slaughter (Actual)","Head Slaughtered","Slaughter Hogs","Sows",58895,"Head","",2025,37
2025-09-01 00:00:00.000,"09/18/2025 10:00:04","Livestock","Federally Inspected Slaughter (Actual)","Head Slaughtered","Slaughter Hogs","Sows",44421,"Head","",2025,36
2025-08-25 00:00:00.000,"09/11/2025 10:00:02","Livestock","Federally Inspected Slaughter (Actual)","Head Slaughtered","Slaughter Hogs","Sows",52808,"Head","",2025,35
2025-08-18 00:00:00.000,"09/04/2025 10:00:02","Livestock","Federally Inspected Slaughter (Actual)","Head Slaughtered","Slaughter Hogs","Sows",53279,"Head","",2025,34
2025-08-11 00:00:00.000,"08/28/2025 10:00:02","Livestock","Federally Inspected Slaughter (Actual)","Head Slaughtered","Slaughter Hogs","Sows",53189,"Head","",2025,33
2025-08-04 00:00:00.000,"08/21/2025 10:00:03","Livestock","Federally Inspected Slaughter (Actual)","Head Slaughtered","Slaughter Hogs","Sows",54751,"Head","",2025,32
2025-07-28 00:00:00.000,"08/14/2025 10:00:04","Livestock","Federally Inspected Slaughter (Actual)","Head Slaughtered","Slaughter Hogs","Sows",54849,"Head","",2025,31
2025-07-21 00:00:00.000,"08/07/2025 10:00:02","Livestock","Federally Inspected Slaughter (Actual)","Head Slaughtered","Slaughter Hogs","Sows",57059,"Head","",2025,30
2025-07-14 00:00:00.000,"07/31/2025 10:00:01","Livestock","Federally Inspected Slaughter (Actual)","Head Slaughtered","Slaughter Hogs","Sows",56515,"Head","",2025,29
2025-07-07 00:00:00.000,"07/24/2025 10:00:02","Livestock","Federally Inspected Slaughter (Actual)","Head Slaughtered","Slaughter Hogs","Sows",57949,"Head","",2025,28
2025-06-30 00:00:00.000,"07/17/2025 10:00:01","Livestock","Federally Inspected Slaughter (Actual)","Head Slaughtered","Slaughter Hogs","Sows",43898,"Head","",2025,27
2025-06-23 00:00:00.000,"07/10/2025 10:00:02","Livestock","Federally Inspected Slaughter (Actual)","Head Slaughtered","Slaughter Hogs","Sows",56361,"Head","",2025,26
2025-06-16 00:00:00.000,"07/03/2025 10:00:02","Livestock","Federally Inspected Slaughter (Actual)","Head Slaughtered","Slaughter Hogs","Sows",55998,"Head","",2025,25
2025-06-09 00:00:00.000,"06/26/2025 10:00:01","Livestock","Federally Inspected Slaughter (Actual)","Head Slaughtered","Slaughter Hogs","Sows",63035,"Head","",2025,24
2025-06-02 00:00:00.000,"06/20/2025 10:00:02","Livestock","Federally Inspected Slaughter (Actual)","Head Slaughtered","Slaughter Hogs","Sows",62071,"Head","",2025,23
2025-05-26 00:00:00.000,"06/12/2025 10:00:02","Livestock","Federally Inspected Slaughter (Actual)","Head Slaughtered","Slaughter Hogs","Sows",53639,"Head","",2025,22
2025-05-19 00:00:00.000,"06/05/2025 10:00:01","Livestock","Federally Inspected Slaughter (Actual)","Head Slaughtered","Slaughter Hogs","Sows",56510,"Head","",2025,21
2025-05-12 00:00:00.000,"05/29/2025 10:00:02","Livestock","Federally Inspected Slaughter (Actual)","Head Slaughtered","Slaughter Hogs","Sows",59121,"Head","",2025,20
2025-05-05 00:00:00.000,"05/22/2025 10:00:02","Livestock","Federally Inspected Slaughter (Actual)","Head Slaughtered","Slaughter Hogs","Sows",56925,"Head","",2025,19
2025-04-28 00:00:00.000,"05/15/2025 10:00:02","Livestock","Federally Inspected Slaughter (Actual)","Head Slaughtered","Slaughter Hogs","Sows",60849,"Head","",2025,18
2025-04-21 00:00:00.000,"05/08/2025 10:00:02","Livestock","Federally Inspected Slaughter (Actual)","Head Slaughtered","Slaughter Hogs","Sows",59670,"Head","",2025,17
2025-04-14 00:00:00.000,"05/01/2025 10:00:02","Livestock","Federally Inspected Slaughter (Actual)","Head Slaughtered","Slaughter Hogs","Sows",55563,"Head","",2025,16
2025-04-07 00:00:00.000,"04/24/2025 10:00:02","Livestock","Federally Inspected Slaughter (Actual)","Head Slaughtered","Slaughter Hogs","Sows",59196,"Head","",2025,15
2025-03-31 00:00:00.000,"04/17/2025 10:00:02","Livestock","Federally Inspected Slaughter (Actual)","Head Slaughtered","Slaughter Hogs","Sows",61496,"Head","",2025,14
2025-03-24 00:00:00.000,"04/10/2025 10:00:02","Livestock","Federally Inspected Slaughter (Actual)","Head Slaughtered","Slaughter Hogs","Sows",58694,"Head","",2025,13
2025-03-17 00:00:00.000,"04/03/2025 10:00:02","Livestock","Federally Inspected Slaughter (Actual)","Head Slaughtered","Slaughter Hogs","Sows",60865,"Head","",2025,12
2025-03-10 00:00:00.000,"03/27/2025 10:00:02","Livestock","Federally Inspected Slaughter (Actual)","Head Slaughtered","Slaughter Hogs","Sows",60070,"Head","",2025,11
2025-03-03 00:00:00.000,"03/20/2025 10:00:03","Livestock","Federally Inspected Slaughter (Actual)","Head Slaughtered","Slaughter Hogs","Sows",62173,"Head","",2025,10
2025-02-24 00:00:00.000,"03/13/2025 10:00:02","Livestock","Federally Inspected Slaughter (Actual)","Head Slaughtered","Slaughter Hogs","Sows",60295,"Head","",2025,9
2025-02-17 00:00:00.000,"03/06/2025 10:00:02","Livestock","Federally Inspected Slaughter (Actual)","Head Slaughtered","Slaughter Hogs","Sows",62010,"Head","",2025,8
2025-02-10 00:00:00.000,"02/27/2025 10:00:02","Livestock","Federally Inspected Slaughter (Actual)","Head Slaughtered","Slaughter Hogs","Sows",57969,"Head","",2025,7
2025-02-03 00:00:00.000,"02/20/2025 10:00:02","Livestock","Federally Inspected Slaughter (Actual)","Head Slaughtered","Slaughter Hogs","Sows",61144,"Head","",2025,6
2025-01-27 00:00:00.000,"02/13/2025 10:00:02","Livestock","Federally Inspected Slaughter (Actual)","Head Slaughtered","Slaughter Hogs","Sows",58602,"Head","",2025,5
2025-01-20 00:00:00.000,"02/06/2025 10:00:02","Livestock","Federally Inspected Slaughter (Actual)","Head Slaughtered","Slaughter Hogs","Sows",60089,"Head","",2025,4
2025-01-13 00:00:00.000,"01/30/2025 10:00:01","Livestock","Federally Inspected Slaughter (Actual)","Head Slaughtered","Slaughter Hogs","Sows",66886,"Head","",2025,3
2025-01-06 00:00:00.000,"01/23/2025 10:00:01","Livestock","Federally Inspected Slaughter (Actual)","Head Slaughtered","Slaughter Hogs","Sows",59857,"Head","",2025,2
2024-12-30 00:00:00.000,"01/16/2025 10:00:02","Livestock","Federally Inspected Slaughter (Actual)","Head Slaughtered","Slaughter Hogs","Sows",46204,"Head","",2024,53
2024-12-23 00:00:00.000,"01/10/2025 10:00:01","Livestock","Federally Inspected Slaughter (Actual)","Head Slaughtered","Slaughter Hogs","Sows",32514,"Head","",2024,52
2024-12-16 00:00:00.000,"01/02/2025 10:00:01","Livestock","Federally Inspected Slaughter (Actual)","Head Slaughtered","Slaughter Hogs","Sows",62231,"Head","",2024,51
2024-12-09 00:00:00.000,"12/26/2024 10:00:01","Livestock","Federally Inspected Slaughter (Actual)","Head Slaughtered","Slaughter Hogs","Sows",67941,"Head","",2024,50
2024-12-02 00:00:00.000,"12/19/2024 10:00:01","Livestock","Federally Inspected Slaughter (Actual)","Head Slaughtered","Slaughter Hogs","Sows",67587,"Head","",2024,49
2024-11-25 00:00:00.000,"12/12/2024 10:00:02","Livestock","Federally Inspected Slaughter (Actual)","Head Slaughtered","Slaughter Hogs","Sows",40375,"Head","",2024,48
2024-11-18 00:00:00.000,"12/05/2024 10:00:01","Livestock","Federally Inspected Slaughter (Actual)","Head Slaughtered","Slaughter Hogs","Sows",64658,"Head","",2024,47
2024-11-11 00:00:00.000,"11/29/2024 10:00:02","Livestock","Federally Inspected Slaughter (Actual)","Head Slaughtered","Slaughter Hogs","Sows",59002,"Head","",2024,46
2024-11-04 00:00:00.000,"11/21/2024 10:00:01","Livestock","Federally Inspected Slaughter (Actual)","Head Slaughtered","Slaughter Hogs","Sows",62782,"Head","",2024,45
2024-10-28 00:00:00.000,"11/14/2024 10:00:02","Livestock","Federally Inspected Slaughter (Actual)","Head Slaughtered","Slaughter Hogs","Sows",62673,"Head","",2024,44
2024-10-21 00:00:00.000,"11/07/2024 10:00:01","Livestock","Federally Inspected Slaughter (Actual)","Head Slaughtered","Slaughter Hogs","Sows",59399,"Head","",2024,43
2024-10-14 00:00:00.000,"10/31/2024 10:00:01","Livestock","Federally Inspected Slaughter (Actual)","Head Slaughtered","Slaughter Hogs","Sows",60478,"Head","",2024,42
2024-10-07 00:00:00.000,"10/24/2024 11:57:10","Livestock","Federally Inspected Slaughter (Actual)","Head Slaughtered","Slaughter Hogs","Sows",57022,"Head","",2024,41
2024-09-30 00:00:00.000,"10/17/2024 10:00:02","Livestock","Federally Inspected Slaughter (Actual)","Head Slaughtered","Slaughter Hogs","Sows",60032,"Head","",2024,40
2024-09-23 00:00:00.000,"10/10/2024 11:58:11","Livestock","Federally Inspected Slaughter (Actual)","Head Slaughtered","Slaughter Hogs","Sows",58740,"Head","",2024,39
2024-09-16 00:00:00.000,"10/03/2024 10:00:02","Livestock","Federally Inspected Slaughter (Actual)","Head Slaughtered","Slaughter Hogs","Sows",59010,"Head","",2024,38
2024-09-09 00:00:00.000,"09/26/2024 10:00:02","Livestock","Federally Inspected Slaughter (Actual)","Head Slaughtered","Slaughter Hogs","Sows",61017,"Head","",2024,37
2024-09-02 00:00:00.000,"09/19/2024 10:00:01","Livestock","Federally Inspected Slaughter (Actual)","Head Slaughtered","Slaughter Hogs","Sows",52206,"Head","",2024,36
2024-08-26 00:00:00.000,"09/12/2024 10:00:02","Livestock","Federally Inspected Slaughter (Actual)","Head Slaughtered","Slaughter Hogs","Sows",55841,"Head","",2024,35
2024-08-19 00:00:00.000,"09/05/2024 10:00:01","Livestock","Federally Inspected Slaughter (Actual)","Head Slaughtered","Slaughter Hogs","Sows",58163,"Head","",2024,34
2024-08-12 00:00:00.000,"08/29/2024 10:00:02","Livestock","Federally Inspected Slaughter (Actual)","Head Slaughtered","Slaughter Hogs","Sows",54819,"Head","",2024,33
2024-08-05 00:00:00.000,"08/22/2024 10:00:01","Livestock","Federally Inspected Slaughter (Actual)","Head Slaughtered","Slaughter Hogs","Sows",57741,"Head","",2024,32
2024-07-29 00:00:00.000,"08/15/2024 10:00:01","Livestock","Federally Inspected Slaughter (Actual)","Head Slaughtered","Slaughter Hogs","Sows",59235,"Head","",2024,31
2024-07-22 00:00:00.000,"08/08/2024 10:19:25","Livestock","Federally Inspected Slaughter (Actual)","Head Slaughtered","Slaughter Hogs","Sows",59508,"Head","",2024,30
2024-07-15 00:00:00.000,"08/01/2024 10:00:01","Livestock","Federally Inspected Slaughter (Actual)","Head Slaughtered","Slaughter Hogs","Sows",59420,"Head","",2024,29
2024-07-08 00:00:00.000,"07/25/2024 10:00:01","Livestock","Federally Inspected Slaughter (Actual)","Head Slaughtered","Slaughter Hogs","Sows",62565,"Head","",2024,28
2024-07-01 00:00:00.000,"07/18/2024 10:00:01","Livestock","Federally Inspected Slaughter (Actual)","Head Slaughtered","Slaughter Hogs","Sows",41653,"Head","",2024,27
2024-06-24 00:00:00.000,"07/11/2024 10:00:01","Livestock","Federally Inspected Slaughter (Actual)","Head Slaughtered","Slaughter Hogs","Sows",63314,"Head","",2024,26
2024-06-17 00:00:00.000,"07/05/2024 10:00:02","Livestock","Federally Inspected Slaughter (Actual)","Head Slaughtered","Slaughter Hogs","Sows",63858,"Head","",2024,25
2024-06-10 00:00:00.000,"06/27/2024 10:00:01","Livestock","Federally Inspected Slaughter (Actual)","Head Slaughtered","Slaughter Hogs","Sows",63889,"Head","",2024,24
2024-06-03 00:00:00.000,"06/20/2024 10:19:02","Livestock","Federally Inspected Slaughter (Actual)","Head Slaughtered","Slaughter Hogs","Sows",63603,"Head","",2024,23
2024-05-27 00:00:00.000,"06/13/2024 10:00:01","Livestock","Federally Inspected Slaughter (Actual)","Head Slaughtered","Slaughter Hogs","Sows",53631,"Head","",2024,22
2024-05-20 00:00:00.000,"06/06/2024 10:00:01","Livestock","Federally Inspected Slaughter (Actual)","Head Slaughtered","Slaughter Hogs","Sows",61706,"Head","",2024,21
2024-05-13 00:00:00.000,"05/30/2024 10:00:01","Livestock","Federally Inspected Slaughter (Actual)","Head Slaughtered","Slaughter Hogs","Sows",66340,"Head","",2024,20
2024-05-06 00:00:00.000,"05/23/2024 10:00:01","Livestock","Federally Inspected Slaughter (Actual)","Head Slaughtered","Slaughter Hogs","Sows",65644,"Head","",2024,19
2024-04-29 00:00:00.000,"05/16/2024 10:00:02","Livestock","Federally Inspected Slaughter (Actual)","Head Slaughtered","Slaughter Hogs","Sows",60089,"Head","",2024,18
2024-04-22 00:00:00.000,"05/09/2024 10:00:02","Livestock","Federally Inspected Slaughter (Actual)","Head Slaughtered","Slaughter Hogs","Sows",60296,"Head","",2024,17
2024-04-15 00:00:00.000,"05/02/2024 10:00:02","Livestock","Federally Inspected Slaughter (Actual)","Head Slaughtered","Slaughter Hogs","Sows",63965,"Head","",2024,16
2024-04-08 00:00:00.000,"04/25/2024 10:00:01","Livestock","Federally Inspected Slaughter (Actual)","Head Slaughtered","Slaughter Hogs","Sows",63888,"Head","",2024,15
2024-04-01 00:00:00.000,"04/18/2024 10:00:02","Livestock","Federally Inspected Slaughter (Actual)","Head Slaughtered","Slaughter Hogs","Sows",61305,"Head","",2024,14
2024-03-25 00:00:00.000,"04/11/2024 10:00:02","Livestock","Federally Inspected Slaughter (Actual)","Head Slaughtered","Slaughter Hogs","Sows",57513,"Head","",2024,13
2024-03-18 00:00:00.000,"04/04/2024 10:00:02","Livestock","Federally Inspected Slaughter (Actual)","Head Slaughtered","Slaughter Hogs","Sows",62266,"Head","",2024,12
2024-03-11 00:00:00.000,"03/28/2024 10:00:02","Livestock","Federally Inspected Slaughter (Actual)","Head Slaughtered","Slaughter Hogs","Sows",62877,"Head","",2024,11
2024-03-04 00:00:00.000,"03/21/2024 10:00:01","Livestock","Federally Inspected Slaughter (Actual)","Head Slaughtered","Slaughter Hogs","Sows",62902,"Head","",2024,10
2024-02-26 00:00:00.000,"03/14/2024 10:00:02","Livestock","Federally Inspected Slaughter (Actual)","Head Slaughtered","Slaughter Hogs","Sows",66388,"Head","",2024,9
2024-02-19 00:00:00.000,"03/07/2024 10:00:02","Livestock","Federally Inspected Slaughter (Actual)","Head Slaughtered","Slaughter Hogs","Sows",64147,"Head","",2024,8
2024-02-12 00:00:00.000,"02/29/2024 10:00:01","Livestock","Federally Inspected Slaughter (Actual)","Head Slaughtered","Slaughter Hogs","Sows",63960,"Head","",2024,7
2024-02-05 00:00:00.000,"02/22/2024 10:00:02","Livestock","Federally Inspected Slaughter (Actual)","Head Slaughtered","Slaughter Hogs","Sows",67271,"Head","",2024,6
2024-01-29 00:00:00.000,"02/15/2024 10:00:02","Livestock","Federally Inspected Slaughter (Actual)","Head Slaughtered","Slaughter Hogs","Sows",67661,"Head","",2024,5
2024-01-22 00:00:00.000,"02/08/2024 10:00:01","Livestock","Federally Inspected Slaughter (Actual)","Head Slaughtered","Slaughter Hogs","Sows",70622,"Head","",2024,4
2024-01-15 00:00:00.000,"02/01/2024 10:00:02","Livestock","Federally Inspected Slaughter (Actual)","Head Slaughtered","Slaughter Hogs","Sows",57435,"Head","",2024,3
2024-01-08 00:00:00.000,"01/25/2024 10:00:02","Livestock","Federally Inspected Slaughter (Actual)","Head Slaughtered","Slaughter Hogs","Sows",66523,"Head","",2024,2
2024-01-01 00:00:00.000,"01/18/2024 10:00:02","Livestock","Federally Inspected Slaughter (Actual)","Head Slaughtered","Slaughter Hogs","Sows",50778,"Head","",2024,1
2023-12-25 00:00:00.000,"01/11/2024 10:00:02","Livestock","Federally Inspected Slaughter (Actual)","Head Slaughtered","Slaughter Hogs","Sows",48035,"Head","",2023,52
2023-12-18 00:00:00.000,"01/04/2024 10:00:02","Livestock","Federally Inspected Slaughter (Actual)","Head Slaughtered","Slaughter Hogs","Sows",61444,"Head","",2023,51
2023-12-11 00:00:00.000,"12/28/2023 10:00:01","Livestock","Federally Inspected Slaughter (Actual)","Head Slaughtered","Slaughter Hogs","Sows",67231,"Head","",2023,50
2023-12-04 00:00:00.000,"12/21/2023 10:00:02","Livestock","Federally Inspected Slaughter (Actual)","Head Slaughtered","Slaughter Hogs","Sows",61700,"Head","",2023,49
2023-11-27 00:00:00.000,"12/14/2023 10:00:02","Livestock","Federally Inspected Slaughter (Actual)","Head Slaughtered","Slaughter Hogs","Sows",68368,"Head","",2023,48
2023-11-20 00:00:00.000,"12/07/2023 10:00:02","Livestock","Federally Inspected Slaughter (Actual)","Head Slaughtered","Slaughter Hogs","Sows",40969,"Head","",2023,47
2023-11-13 00:00:00.000,"11/30/2023 10:00:03","Livestock","Federally Inspected Slaughter (Actual)","Head Slaughtered","Slaughter Hogs","Sows",65307,"Head","",2023,46
2023-11-06 00:00:00.000,"11/24/2023 10:00:04","Livestock","Federally Inspected Slaughter (Actual)","Head Slaughtered","Slaughter Hogs","Sows",62706,"Head","",2023,45
2023-10-30 00:00:00.000,"11/16/2023 10:00:02","Livestock","Federally Inspected Slaughter (Actual)","Head Slaughtered","Slaughter Hogs","Sows",60146,"Head","",2023,44
2023-10-23 00:00:00.000,"11/09/2023 10:00:04","Livestock","Federally Inspected Slaughter (Actual)","Head Slaughtered","Slaughter Hogs","Sows",62520,"Head","",2023,43
2023-10-16 00:00:00.000,"11/02/2023 10:00:02","Livestock","Federally Inspected Slaughter (Actual)","Head Slaughtered","Slaughter Hogs","Sows",61322,"Head","",2023,42
2023-10-09 00:00:00.000,"10/26/2023 10:00:04","Livestock","Federally Inspected Slaughter (Actual)","Head Slaughtered","Slaughter Hogs","Sows",62522,"Head","",2023,41
2023-10-02 00:00:00.000,"10/19/2023 10:00:02","Livestock","Federally Inspected Slaughter (Actual)","Head Slaughtered","Slaughter Hogs","Sows",65783,"Head","",2023,40
2023-09-25 00:00:00.000,"10/12/2023 10:00:02","Livestock","Federally Inspected Slaughter (Actual)","Head Slaughtered","Slaughter Hogs","Sows",68844,"Head","",2023,39
2023-09-18 00:00:00.000,"10/05/2023 10:00:02","Livestock","Federally Inspected Slaughter (Actual)","Head Slaughtered","Slaughter Hogs","Sows",66308,"Head","",2023,38
2023-09-11 00:00:00.000,"09/28/2023 10:00:02","Livestock","Federally Inspected Slaughter (Actual)","Head Slaughtered","Slaughter Hogs","Sows",64107,"Head","",2023,37
2023-09-04 00:00:00.000,"09/21/2023 10:00:02","Livestock","Federally Inspected Slaughter (Actual)","Head Slaughtered","Slaughter Hogs","Sows",51407,"Head","",2023,36
2023-08-28 00:00:00.000,"09/14/2023 10:00:03","Livestock","Federally Inspected Slaughter (Actual)","Head Slaughtered","Slaughter Hogs","Sows",58051,"Head","",2023,35
2023-08-21 00:00:00.000,"09/07/2023 10:00:02","Livestock","Federally Inspected Slaughter (Actual)","Head Slaughtered","Slaughter Hogs","Sows",64670,"Head","",2023,34
2023-08-14 00:00:00.000,"08/31/2023 10:00:01","Livestock","Federally Inspected Slaughter (Actual)","Head Slaughtered","Slaughter Hogs","Sows",66140,"Head","",2023,33
2023-08-07 00:00:00.000,"08/24/2023 10:00:02","Livestock","Federally Inspected Slaughter (Actual)","Head Slaughtered","Slaughter Hogs","Sows",63986,"Head","",2023,32
2023-07-31 00:00:00.000,"08/17/2023 10:00:02","Livestock","Federally Inspected Slaughter (Actual)","Head Slaughtered","Slaughter Hogs","Sows",63575,"Head","",2023,31
2023-07-24 00:00:00.000,"08/10/2023 10:00:02","Livestock","Federally Inspected Slaughter (Actual)","Head Slaughtered","Slaughter Hogs","Sows",66208,"Head","",2023,30
2023-07-17 00:00:00.000,"08/03/2023 10:00:02","Livestock","Federally Inspected Slaughter (Actual)","Head Slaughtered","Slaughter Hogs","Sows",69794,"Head","",2023,29
2023-07-10 00:00:00.000,"07/27/2023 10:00:02","Livestock","Federally Inspected Slaughter (Actual)","Head Slaughtered","Slaughter Hogs","Sows",70493,"Head","",2023,28
2023-07-03 00:00:00.000,"07/20/2023 10:00:02","Livestock","Federally Inspected Slaughter (Actual)","Head Slaughtered","Slaughter Hogs","Sows",50381,"Head","",2023,27
2023-06-26 00:00:00.000,"07/13/2023 10:00:02","Livestock","Federally Inspected Slaughter (Actual)","Head Slaughtered","Slaughter Hogs","Sows",67029,"Head","",2023,26
2023-06-19 00:00:00.000,"07/06/2023 10:00:02","Livestock","Federally Inspected Slaughter (Actual)","Head Slaughtered","Slaughter Hogs","Sows",64760,"Head","",2023,25
2023-06-12 00:00:00.000,"06/29/2023 10:00:02","Livestock","Federally Inspected Slaughter (Actual)","Head Slaughtered","Slaughter Hogs","Sows",65834,"Head","",2023,24
2023-06-05 00:00:00.000,"06/22/2023 10:00:03","Livestock","Federally Inspected Slaughter (Actual)","Head Slaughtered","Slaughter Hogs","Sows",66861,"Head","",2023,23
2023-05-29 00:00:00.000,"06/15/2023 10:00:01","Livestock","Federally Inspected Slaughter (Actual)","Head Slaughtered","Slaughter Hogs","Sows",55167,"Head","",2023,22
2023-05-22 00:00:00.000,"06/08/2023 10:00:03","Livestock","Federally Inspected Slaughter (Actual)","Head Slaughtered","Slaughter Hogs","Sows",59428,"Head","",2023,21
2023-05-15 00:00:00.000,"06/01/2023 10:00:03","Livestock","Federally Inspected Slaughter (Actual)","Head Slaughtered","Slaughter Hogs","Sows",64932,"Head","",2023,20
2023-05-08 00:00:00.000,"05/25/2023 10:00:02","Livestock","Federally Inspected Slaughter (Actual)","Head Slaughtered","Slaughter Hogs","Sows",62857,"Head","",2023,19
2023-05-01 00:00:00.000,"05/18/2023 10:00:02","Livestock","Federally Inspected Slaughter (Actual)","Head Slaughtered","Slaughter Hogs","Sows",60391,"Head","",2023,18
2023-04-24 00:00:00.000,"05/11/2023 10:00:02","Livestock","Federally Inspected Slaughter (Actual)","Head Slaughtered","Slaughter Hogs","Sows",60190,"Head","",2023,17
2023-04-17 00:00:00.000,"05/04/2023 10:00:02","Livestock","Federally Inspected Slaughter (Actual)","Head Slaughtered","Slaughter Hogs","Sows",55906,"Head","",2023,16
2023-04-10 00:00:00.000,"04/27/2023 10:00:02","Livestock","Federally Inspected Slaughter (Actual)","Head Slaughtered","Slaughter Hogs","Sows",58147,"Head","",2023,15
2023-04-03 00:00:00.000,"04/20/2023 10:00:02","Livestock","Federally Inspected Slaughter (Actual)","Head Slaughtered","Slaughter Hogs","Sows",53377,"Head","",2023,14
2023-03-27 00:00:00.000,"04/13/2023 10:00:02","Livestock","Federally Inspected Slaughter (Actual)","Head Slaughtered","Slaughter Hogs","Sows",57739,"Head","",2023,13
2023-03-20 00:00:00.000,"04/06/2023 10:00:02","Livestock","Federally Inspected Slaughter (Actual)","Head Slaughtered","Slaughter Hogs","Sows",59785,"Head","",2023,12
2023-03-13 00:00:00.000,"03/30/2023 10:00:03","Livestock","Federally Inspected Slaughter (Actual)","Head Slaughtered","Slaughter Hogs","Sows",59946,"Head","",2023,11
2023-03-06 00:00:00.000,"03/23/2023 10:00:02","Livestock","Federally Inspected Slaughter (Actual)","Head Slaughtered","Slaughter Hogs","Sows",59335,"Head","",2023,10
2023-02-27 00:00:00.000,"03/16/2023 10:00:02","Livestock","Federally Inspected Slaughter (Actual)","Head Slaughtered","Slaughter Hogs","Sows",62522,"Head","",2023,9
2023-02-20 00:00:00.000,"03/09/2023 10:00:03","Livestock","Federally Inspected Slaughter (Actual)","Head Slaughtered","Slaughter Hogs","Sows",57211,"Head","",2023,8
2023-02-13 00:00:00.000,"03/02/2023 10:00:02","Livestock","Federally Inspected Slaughter (Actual)","Head Slaughtered","Slaughter Hogs","Sows",60299,"Head","",2023,7
2023-02-06 00:00:00.000,"02/23/2023 10:00:02","Livestock","Federally Inspected Slaughter (Actual)","Head Slaughtered","Slaughter Hogs","Sows",59479,"Head","",2023,6
2023-01-30 00:00:00.000,"02/16/2023 10:00:02","Livestock","Federally Inspected Slaughter (Actual)","Head Slaughtered","Slaughter Hogs","Sows",60036,"Head","",2023,5
2023-01-23 00:00:00.000,"02/09/2023 10:00:03","Livestock","Federally Inspected Slaughter (Actual)","Head Slaughtered","Slaughter Hogs","Sows",64565,"Head","",2023,4
2023-01-16 00:00:00.000,"02/02/2023 10:00:02","Livestock","Federally Inspected Slaughter (Actual)","Head Slaughtered","Slaughter Hogs","Sows",59987,"Head","",2023,3
2023-01-09 00:00:00.000,"01/26/2023 10:00:01","Livestock","Federally Inspected Slaughter (Actual)","Head Slaughtered","Slaughter Hogs","Sows",64466,"Head","",2023,2
2023-01-02 00:00:00.000,"01/19/2023 10:00:03","Livestock","Federally Inspected Slaughter (Actual)","Head Slaughtered","Slaughter Hogs","Sows",55659,"Head","",2023,1
