date,month,site,cost_category,cost_subcategory,description,quantity,unit_cost,total_cost,vendor,production_phase,pig_group_id
2025-01-01,1,Site A,Labor,Contract Labor,Contract Labor expense,292.57,40.6,11878.34,Midwest Transport,Gilt Development,PG-2353
2025-01-03,1,Site B,Transportation,Pig Hauling,Pig Hauling expense,60.79,43.85,2665.64,Utility Provider,Gilt Development,PG-9555
2025-01-03,1,Site B,Labor,Contract Labor,Contract Labor expense,149.2,38.45,5736.74,Utility Provider,Breeding,PG-9623
2025-01-04,1,Site C,Feed,Finisher Feed,Finisher Feed expense,226.24,7.78,1760.15,Utility Provider,Breeding,PG-2098
2025-01-05,1,Site B,Animal,Mortality Disposal,Mortality Disposal expense,174.46,1.92,334.96,AgriFeed Co,Breeding,PG-7376
2025-01-05,1,Site B,Facilities,Manure Handling,Manure Handling expense,320.44,12.57,4027.93,Midwest Transport,Nursery,PG-8979
2025-01-05,1,Site C,Labor,Contract Labor,Contract Labor expense,484.58,39.83,19300.82,Farm Services LLC,Nursery,PG-8657
2025-01-06,1,Site B,Animal,Mortality Disposal,Mortality Disposal expense,484.77,39.02,18915.73,AgriFeed Co,Nursery,PG-3551
2025-01-07,1,Site B,Health,Biosecurity Supplies,Biosecurity Supplies expense,276.95,27.09,7502.58,VetHealth Inc,Finishing,PG-1514
2025-01-07,1,Site A,Animal,Genetics/Semen,Genetics/Semen expense,368.22,38.24,14080.73,Midwest Transport,Gilt Development,PG-2308
2025-01-08,1,Site B,Labor,Payroll Burden,Payroll Burden expense,157.27,36.04,5668.01,Midwest Transport,Gilt Development,PG-8183
2025-01-09,1,Site B,Overhead,Software & Technology,Software & Technology expense,88.21,16.55,1459.88,AgriFeed Co,Nursery,PG-2316
2025-01-10,1,Site A,Overhead,Insurance,Insurance expense,464.11,10.5,4873.15,Midwest Transport,Nursery,PG-7267
2025-01-12,1,Site B,Animal,Genetics/Semen,Genetics/Semen expense,236.29,24.67,5829.27,AgriFeed Co,Breeding,PG-4676
2025-01-12,1,Site B,Transportation,Pig Hauling,Pig Hauling expense,291.5,15.89,4631.94,Midwest Transport,Nursery,PG-3353
2025-01-12,1,Site A,Overhead,Software & Technology,Software & Technology expense,144.23,27.95,4031.23,AgriFeed Co,Breeding,PG-8009
2025-01-12,1,Site A,Animal,Gilt Development,Gilt Development expense,182.77,22.9,4185.43,Midwest Transport,Breeding,PG-7937
2025-01-12,1,Site C,Animal,Mortality Disposal,Mortality Disposal expense,493.33,43.45,21435.19,VetHealth Inc,Breeding,PG-8473
2025-01-13,1,Site B,Feed,Feed Delivery,Feed Delivery expense,262.56,38.24,10040.29,Farm Services LLC,Breeding,PG-2037
2025-01-13,1,Site B,Overhead,Professional Services,Professional Services expense,347.7,39.68,13796.74,Utility Provider,Nursery,PG-3693
2025-01-15,1,Site C,Animal,Gilt Development,Gilt Development expense,220.23,9.48,2087.78,AgriFeed Co,Gilt Development,PG-6116
2025-01-15,1,Site C,Overhead,Insurance,Insurance expense,248.22,33.5,8315.37,Farm Services LLC,Breeding,PG-2120
2025-01-16,1,Site C,Overhead,Software & Technology,Software & Technology expense,14.23,26.57,378.09,Farm Services LLC,Gilt Development,PG-7833
2025-01-19,1,Site A,Overhead,Insurance,Insurance expense,47.78,26.18,1250.88,Utility Provider,Finishing,PG-7279
2025-01-20,1,Site C,Feed,Finisher Feed,Finisher Feed expense,437.26,23.2,10144.43,Utility Provider,Gilt Development,PG-7841
2025-01-20,1,Site C,Animal,Genetics/Semen,Genetics/Semen expense,379.45,34.06,12924.07,Utility Provider,Finishing,PG-2749
2025-01-20,1,Site C,Feed,Feed Delivery,Feed Delivery expense,351.28,35.91,12614.46,Farm Services LLC,Nursery,PG-6919
2025-01-21,1,Site C,Overhead,Professional Services,Professional Services expense,4.77,29.31,139.81,AgriFeed Co,Gilt Development,PG-9906
2025-01-21,1,Site A,Overhead,Insurance,Insurance expense,319.62,18.19,5813.89,Utility Provider,Finishing,PG-6626
2025-01-22,1,Site C,Feed,Nursery Feed,Nursery Feed expense,49.68,38.86,1930.56,Utility Provider,Finishing,PG-9535
2025-01-22,1,Site B,Transportation,Market Delivery,Market Delivery expense,486.53,17.99,8752.67,Midwest Transport,Finishing,PG-1225
2025-01-23,1,Site C,Animal,Gilt Development,Gilt Development expense,410.15,10.67,4376.3,VetHealth Inc,Gilt Development,PG-9780
2025-01-25,1,Site A,Facilities,Manure Handling,Manure Handling expense,107.15,42.61,4565.66,Utility Provider,Breeding,PG-6161
2025-01-25,1,Site A,Labor,Hourly Labor,Hourly Labor expense,61.76,21.78,1345.13,Farm Services LLC,Breeding,PG-8179
2025-01-30,1,Site B,Overhead,Software & Technology,Software & Technology expense,431.32,42.75,18438.93,AgriFeed Co,Nursery,PG-3832
2025-02-01,2,Site A,Health,Vet Services,Vet Services expense,378.77,42.89,16245.45,Midwest Transport,Nursery,PG-4762
2025-02-02,2,Site B,Transportation,Pig Hauling,Pig Hauling expense,244.83,34.78,8515.19,VetHealth Inc,Nursery,PG-4356
2025-02-03,2,Site A,Feed,Finisher Feed,Finisher Feed expense,225.73,33.82,7634.19,AgriFeed Co,Breeding,PG-7763
2025-02-04,2,Site A,Feed,Feed Delivery,Feed Delivery expense,89.38,42.35,3785.24,Utility Provider,Nursery,PG-2060
2025-02-04,2,Site B,Overhead,Insurance,Insurance expense,328.21,17.65,5792.91,VetHealth Inc,Nursery,PG-1417
2025-02-05,2,Site B,Animal,Weaned Pig Purchase,Weaned Pig Purchase expense,388.43,15.67,6086.7,Utility Provider,Gilt Development,PG-4440
2025-02-06,2,Site C,Feed,Sow Feed,Sow Feed expense,409.29,24.16,9888.45,AgriFeed Co,Finishing,PG-5492
2025-02-07,2,Site A,Health,Vet Services,Vet Services expense,25.34,24.2,613.23,Farm Services LLC,Gilt Development,PG-4020
2025-02-08,2,Site B,Transportation,Market Delivery,Market Delivery expense,27.29,4.44,121.17,Utility Provider,Gilt Development,PG-1271
2025-02-08,2,Site C,Animal,Gilt Development,Gilt Development expense,260.63,34.87,9088.17,VetHealth Inc,Gilt Development,PG-2077
2025-02-08,2,Site B,Facilities,Manure Handling,Manure Handling expense,362.26,5.86,2122.84,Utility Provider,Nursery,PG-1386
2025-02-09,2,Site B,Feed,Sow Feed,Sow Feed expense,307.99,14.13,4351.9,VetHealth Inc,Finishing,PG-8870
2025-02-10,2,Site A,Labor,Payroll Burden,Payroll Burden expense,83.47,1.2,100.16,AgriFeed Co,Gilt Development,PG-3695
2025-02-11,2,Site A,Labor,Contract Labor,Contract Labor expense,446.15,43.01,19188.91,AgriFeed Co,Breeding,PG-7272
2025-02-12,2,Site B,Feed,Finisher Feed,Finisher Feed expense,354.21,24.69,8745.44,VetHealth Inc,Breeding,PG-2537
2025-02-13,2,Site B,Labor,Hourly Labor,Hourly Labor expense,22.54,40.16,905.21,Utility Provider,Finishing,PG-6348
2025-02-16,2,Site B,Overhead,Software & Technology,Software & Technology expense,266.98,7.53,2010.36,Farm Services LLC,Nursery,PG-3822
2025-02-18,2,Site A,Transportation,Pig Hauling,Pig Hauling expense,110.32,2.13,234.98,VetHealth Inc,Finishing,PG-1340
2025-02-20,2,Site C,Labor,Contract Labor,Contract Labor expense,467.25,41.69,19479.65,AgriFeed Co,Nursery,PG-6732
2025-02-20,2,Site B,Labor,Hourly Labor,Hourly Labor expense,104.41,39.58,4132.55,Farm Services LLC,Finishing,PG-8239
2025-02-20,2,Site B,Overhead,Insurance,Insurance expense,240.11,9.16,2199.41,Utility Provider,Gilt Development,PG-8151
2025-02-21,2,Site B,Transportation,Pig Hauling,Pig Hauling expense,464.87,24.19,11245.21,Farm Services LLC,Nursery,PG-7787
2025-02-22,2,Site B,Labor,Contract Labor,Contract Labor expense,424.97,11.51,4891.4,AgriFeed Co,Nursery,PG-3048
2025-02-23,2,Site C,Feed,Finisher Feed,Finisher Feed expense,285.15,39.99,11403.15,VetHealth Inc,Finishing,PG-3143
2025-02-24,2,Site B,Facilities,Barn Supplies,Barn Supplies expense,27.35,22.15,605.8,VetHealth Inc,Finishing,PG-4390
2025-02-27,2,Site B,Health,Vaccines,Vaccines expense,335.07,44.74,14991.03,AgriFeed Co,Finishing,PG-5211
2025-02-27,2,Site B,Animal,Weaned Pig Purchase,Weaned Pig Purchase expense,221.73,11.17,2476.72,AgriFeed Co,Gilt Development,PG-8404
2025-02-27,2,Site B,Transportation,Pig Hauling,Pig Hauling expense,19.64,37.11,728.84,Midwest Transport,Gilt Development,PG-4124
2025-03-01,3,Site A,Facilities,Barn Supplies,Barn Supplies expense,311.82,4.3,1340.83,Farm Services LLC,Nursery,PG-5142
2025-03-01,3,Site B,Overhead,Software & Technology,Software & Technology expense,377.1,35.6,13424.76,Farm Services LLC,Finishing,PG-2040
2025-03-01,3,Site B,Labor,Payroll Burden,Payroll Burden expense,397.84,9.47,3767.54,Midwest Transport,Breeding,PG-3898
2025-03-02,3,Site C,Labor,Payroll Burden,Payroll Burden expense,294.69,44.21,13028.24,Midwest Transport,Nursery,PG-2868
2025-03-03,3,Site B,Labor,Payroll Burden,Payroll Burden expense,184.51,18.93,3492.77,Utility Provider,Breeding,PG-4716
2025-03-03,3,Site C,Labor,Payroll Burden,Payroll Burden expense,296.06,12.73,3768.84,AgriFeed Co,Finishing,PG-9110
2025-03-03,3,Site C,Feed,Nursery Feed,Nursery Feed expense,278.82,25.94,7232.59,Utility Provider,Gilt Development,PG-7469
2025-03-04,3,Site A,Health,Medications,Medications expense,353.72,32.94,11651.54,Midwest Transport,Breeding,PG-4561
2025-03-04,3,Site A,Feed,Nursery Feed,Nursery Feed expense,414.75,25.82,10708.84,VetHealth Inc,Breeding,PG-8266
2025-03-05,3,Site B,Labor,Contract Labor,Contract Labor expense,421.02,26.32,11081.25,AgriFeed Co,Finishing,PG-6744
2025-03-07,3,Site A,Feed,Feed Delivery,Feed Delivery expense,232.5,40.96,9523.2,VetHealth Inc,Gilt Development,PG-3274
2025-03-09,3,Site B,Animal,Mortality Disposal,Mortality Disposal expense,411.48,19.36,7966.25,AgriFeed Co,Nursery,PG-6010
2025-03-14,3,Site A,Feed,Finisher Feed,Finisher Feed expense,172.44,27.96,4821.42,AgriFeed Co,Gilt Development,PG-4713
2025-03-14,3,Site B,Labor,Hourly Labor,Hourly Labor expense,145.05,5.36,777.47,Utility Provider,Nursery,PG-2667
2025-03-16,3,Site A,Transportation,Market Delivery,Market Delivery expense,265.3,36.77,9755.08,VetHealth Inc,Breeding,PG-6796
2025-03-16,3,Site B,Health,Medications,Medications expense,69.05,1.15,79.41,VetHealth Inc,Nursery,PG-9017
2025-03-19,3,Site A,Animal,Gilt Development,Gilt Development expense,180.06,39.54,7119.57,VetHealth Inc,Gilt Development,PG-7943
2025-03-19,3,Site C,Feed,Sow Feed,Sow Feed expense,479.95,21.78,10453.31,VetHealth Inc,Nursery,PG-3196
2025-03-25,3,Site C,Feed,Sow Feed,Sow Feed expense,279.1,38.8,10829.08,Utility Provider,Gilt Development,PG-7704
2025-03-25,3,Site A,Feed,Sow Feed,Sow Feed expense,202.72,14.79,2998.23,VetHealth Inc,Finishing,PG-4868
2025-03-27,3,Site A,Animal,Genetics/Semen,Genetics/Semen expense,17.94,31.54,565.83,Midwest Transport,Gilt Development,PG-9007
2025-03-28,3,Site A,Overhead,Software & Technology,Software & Technology expense,433.63,18.66,8091.54,Midwest Transport,Gilt Development,PG-9519
2025-03-29,3,Site A,Facilities,Utilities,Utilities expense,207.29,34.24,7097.61,Midwest Transport,Finishing,PG-2653
2025-03-29,3,Site B,Labor,Payroll Burden,Payroll Burden expense,11.27,43.66,492.05,VetHealth Inc,Gilt Development,PG-6051
2025-03-29,3,Site A,Transportation,Market Delivery,Market Delivery expense,427.99,37.44,16023.95,Utility Provider,Nursery,PG-1822
2025-03-29,3,Site C,Feed,Sow Feed,Sow Feed expense,52.29,25.91,1354.83,Farm Services LLC,Gilt Development,PG-3720
2025-03-30,3,Site A,Feed,Feed Delivery,Feed Delivery expense,290.46,4.57,1327.4,Midwest Transport,Finishing,PG-2218
2025-03-31,3,Site B,Health,Vaccines,Vaccines expense,173.83,15.94,2770.85,Midwest Transport,Breeding,PG-7783
2025-03-31,3,Site B,Feed,Nursery Feed,Nursery Feed expense,91.39,30.81,2815.73,Utility Provider,Finishing,PG-4654
2025-04-02,4,Site C,Feed,Finisher Feed,Finisher Feed expense,433.78,32.02,13889.64,Utility Provider,Breeding,PG-5286
2025-04-06,4,Site C,Facilities,Repairs & Maintenance,Repairs & Maintenance expense,70.53,27.4,1932.52,Midwest Transport,Breeding,PG-2059
2025-04-10,4,Site B,Transportation,Pig Hauling,Pig Hauling expense,316.64,17.09,5411.38,Utility Provider,Breeding,PG-5648
2025-04-12,4,Site C,Health,Vaccines,Vaccines expense,450.79,39.57,17837.76,Midwest Transport,Breeding,PG-6450
2025-04-12,4,Site B,Animal,Genetics/Semen,Genetics/Semen expense,302.12,30.24,9136.11,VetHealth Inc,Nursery,PG-7228
2025-04-12,4,Site A,Animal,Genetics/Semen,Genetics/Semen expense,328.41,6.28,2062.41,AgriFeed Co,Finishing,PG-4864
2025-04-13,4,Site A,Feed,Nursery Feed,Nursery Feed expense,298.54,10.74,3206.32,VetHealth Inc,Finishing,PG-3983
2025-04-13,4,Site A,Facilities,Utilities,Utilities expense,92.53,35.2,3257.06,VetHealth Inc,Finishing,PG-5426
2025-04-14,4,Site C,Facilities,Repairs & Maintenance,Repairs & Maintenance expense,5.59,5.02,28.06,AgriFeed Co,Breeding,PG-3961
2025-04-15,4,Site B,Animal,Gilt Development,Gilt Development expense,444.13,27.14,12053.69,VetHealth Inc,Finishing,PG-8544
2025-04-15,4,Site B,Facilities,Repairs & Maintenance,Repairs & Maintenance expense,362.9,22.16,8041.86,VetHealth Inc,Gilt Development,PG-2394
2025-04-16,4,Site C,Overhead,Insurance,Insurance expense,475.82,6.03,2869.19,AgriFeed Co,Nursery,PG-4144
2025-04-16,4,Site A,Transportation,Market Delivery,Market Delivery expense,225.74,34.15,7709.02,Farm Services LLC,Gilt Development,PG-8123
2025-04-18,4,Site B,Transportation,Market Delivery,Market Delivery expense,13.18,39.22,516.92,Midwest Transport,Finishing,PG-4810
2025-04-18,4,Site C,Facilities,Manure Handling,Manure Handling expense,136.8,26.77,3662.14,Utility Provider,Gilt Development,PG-5090
2025-04-21,4,Site B,Feed,Finisher Feed,Finisher Feed expense,64.89,7.26,471.1,Farm Services LLC,Gilt Development,PG-9472
2025-04-21,4,Site C,Transportation,Market Delivery,Market Delivery expense,279.31,26.6,7429.65,VetHealth Inc,Breeding,PG-3739
2025-04-24,4,Site C,Transportation,Market Delivery,Market Delivery expense,121.11,5.91,715.76,AgriFeed Co,Gilt Development,PG-6341
2025-04-24,4,Site A,Animal,Weaned Pig Purchase,Weaned Pig Purchase expense,415.61,38.98,16200.48,Farm Services LLC,Finishing,PG-5440
2025-04-25,4,Site A,Feed,Finisher Feed,Finisher Feed expense,59.96,31.5,1888.74,Midwest Transport,Breeding,PG-8543
2025-04-26,4,Site A,Feed,Finisher Feed,Finisher Feed expense,400.88,34.61,13874.46,Farm Services LLC,Nursery,PG-2283
2025-04-26,4,Site B,Animal,Gilt Development,Gilt Development expense,161.73,44.0,7116.12,VetHealth Inc,Nursery,PG-4041
2025-04-26,4,Site B,Facilities,Repairs & Maintenance,Repairs & Maintenance expense,120.16,20.58,2472.89,Farm Services LLC,Nursery,PG-5976
2025-04-28,4,Site A,Labor,Contract Labor,Contract Labor expense,259.52,13.79,3578.78,Midwest Transport,Nursery,PG-9738
2025-04-28,4,Site C,Facilities,Manure Handling,Manure Handling expense,100.55,33.26,3344.29,AgriFeed Co,Nursery,PG-2828
2025-04-29,4,Site A,Feed,Nursery Feed,Nursery Feed expense,405.47,44.43,18015.03,Midwest Transport,Breeding,PG-8449
2025-04-29,4,Site A,Overhead,Insurance,Insurance expense,129.96,24.71,3211.31,Utility Provider,Nursery,PG-1301
2025-04-30,4,Site B,Transportation,Pig Hauling,Pig Hauling expense,270.81,4.8,1299.89,AgriFeed Co,Gilt Development,PG-7816
2025-05-01,5,Site C,Animal,Weaned Pig Purchase,Weaned Pig Purchase expense,184.6,15.05,2778.23,Midwest Transport,Breeding,PG-1697
2025-05-06,5,Site B,Labor,Contract Labor,Contract Labor expense,101.72,30.47,3099.41,Utility Provider,Breeding,PG-7812
2025-05-06,5,Site B,Facilities,Utilities,Utilities expense,445.37,26.91,11984.91,Midwest Transport,Breeding,PG-7371
2025-05-07,5,Site B,Feed,Feed Delivery,Feed Delivery expense,366.06,4.13,1511.83,Farm Services LLC,Finishing,PG-2560
2025-05-09,5,Site C,Feed,Sow Feed,Sow Feed expense,344.51,19.85,6838.52,Midwest Transport,Finishing,PG-2252
2025-05-09,5,Site A,Overhead,Insurance,Insurance expense,492.07,30.22,14870.36,VetHealth Inc,Gilt Development,PG-1923
2025-05-09,5,Site A,Transportation,Market Delivery,Market Delivery expense,324.89,15.11,4909.09,Farm Services LLC,Nursery,PG-5806
2025-05-10,5,Site C,Transportation,Pig Hauling,Pig Hauling expense,377.37,28.07,10592.78,AgriFeed Co,Finishing,PG-6448
2025-05-10,5,Site B,Facilities,Barn Supplies,Barn Supplies expense,128.08,37.92,4856.79,Farm Services LLC,Gilt Development,PG-9980
2025-05-11,5,Site C,Feed,Sow Feed,Sow Feed expense,281.08,34.81,9784.39,Midwest Transport,Breeding,PG-1206
2025-05-12,5,Site B,Overhead,Insurance,Insurance expense,322.04,35.23,11345.47,Midwest Transport,Nursery,PG-2828
2025-05-16,5,Site A,Feed,Sow Feed,Sow Feed expense,191.59,9.65,1848.84,Farm Services LLC,Nursery,PG-7979
2025-05-18,5,Site A,Facilities,Repairs & Maintenance,Repairs & Maintenance expense,161.85,36.54,5914.0,Utility Provider,Breeding,PG-3832
2025-05-19,5,Site B,Overhead,Insurance,Insurance expense,266.76,2.81,749.6,VetHealth Inc,Breeding,PG-7038
2025-05-19,5,Site A,Transportation,Pig Hauling,Pig Hauling expense,127.73,1.88,240.13,VetHealth Inc,Nursery,PG-5578
2025-05-22,5,Site A,Facilities,Barn Supplies,Barn Supplies expense,117.15,36.43,4267.77,VetHealth Inc,Finishing,PG-5741
2025-05-22,5,Site C,Feed,Sow Feed,Sow Feed expense,490.67,11.92,5848.79,VetHealth Inc,Breeding,PG-2938
2025-05-22,5,Site A,Facilities,Utilities,Utilities expense,114.45,15.7,1796.87,Utility Provider,Nursery,PG-3496
2025-05-23,5,Site A,Labor,Payroll Burden,Payroll Burden expense,194.89,20.47,3989.4,AgriFeed Co,Finishing,PG-7059
2025-05-23,5,Site B,Health,Vaccines,Vaccines expense,26.75,30.31,810.79,AgriFeed Co,Finishing,PG-6913
2025-05-24,5,Site A,Health,Vet Services,Vet Services expense,60.96,15.71,957.68,AgriFeed Co,Nursery,PG-7617
2025-05-25,5,Site B,Overhead,Professional Services,Professional Services expense,493.01,34.03,16777.13,Farm Services LLC,Finishing,PG-2810
2025-05-26,5,Site A,Overhead,Insurance,Insurance expense,380.99,28.01,10671.53,Utility Provider,Gilt Development,PG-7313
2025-05-27,5,Site C,Health,Biosecurity Supplies,Biosecurity Supplies expense,443.66,35.2,15616.83,AgriFeed Co,Gilt Development,PG-6539
2025-05-28,5,Site C,Overhead,Professional Services,Professional Services expense,343.27,44.61,15313.27,AgriFeed Co,Nursery,PG-4471
2025-05-28,5,Site C,Health,Vet Services,Vet Services expense,259.1,17.36,4497.98,Midwest Transport,Finishing,PG-2829
2025-05-28,5,Site B,Overhead,Insurance,Insurance expense,345.78,17.71,6123.76,AgriFeed Co,Finishing,PG-9155
2025-05-28,5,Site C,Health,Vaccines,Vaccines expense,454.32,26.46,12021.31,VetHealth Inc,Nursery,PG-9554
2025-05-30,5,Site C,Feed,Finisher Feed,Finisher Feed expense,486.42,37.26,18124.01,AgriFeed Co,Gilt Development,PG-6075
2025-05-30,5,Site B,Labor,Contract Labor,Contract Labor expense,183.31,22.21,4071.32,Midwest Transport,Nursery,PG-4735
2025-05-31,5,Site B,Overhead,Software & Technology,Software & Technology expense,348.2,10.67,3715.29,AgriFeed Co,Gilt Development,PG-3049
2025-06-02,6,Site B,Transportation,Market Delivery,Market Delivery expense,360.38,5.24,1888.39,Utility Provider,Finishing,PG-8992
2025-06-03,6,Site A,Transportation,Market Delivery,Market Delivery expense,366.02,8.84,3235.62,AgriFeed Co,Gilt Development,PG-1645
2025-06-04,6,Site B,Transportation,Market Delivery,Market Delivery expense,80.14,39.7,3181.56,AgriFeed Co,Finishing,PG-6150
2025-06-05,6,Site A,Transportation,Market Delivery,Market Delivery expense,51.42,31.3,1609.45,Farm Services LLC,Gilt Development,PG-2638
2025-06-07,6,Site C,Animal,Gilt Development,Gilt Development expense,360.99,6.79,2451.12,Farm Services LLC,Nursery,PG-9264
2025-06-07,6,Site A,Facilities,Manure Handling,Manure Handling expense,134.62,35.62,4795.16,Utility Provider,Breeding,PG-8851
2025-06-07,6,Site C,Labor,Hourly Labor,Hourly Labor expense,19.24,21.51,413.85,VetHealth Inc,Breeding,PG-6490
2025-06-08,6,Site A,Overhead,Insurance,Insurance expense,64.62,18.18,1174.79,Utility Provider,Breeding,PG-3371
2025-06-09,6,Site A,Health,Vaccines,Vaccines expense,129.19,28.62,3697.42,AgriFeed Co,Nursery,PG-2343
2025-06-10,6,Site B,Health,Biosecurity Supplies,Biosecurity Supplies expense,186.97,18.06,3376.68,VetHealth Inc,Finishing,PG-2895
2025-06-10,6,Site C,Overhead,Insurance,Insurance expense,48.76,1.55,75.58,Midwest Transport,Gilt Development,PG-8622
2025-06-11,6,Site B,Health,Medications,Medications expense,491.94,12.47,6134.49,AgriFeed Co,Nursery,PG-7716
2025-06-12,6,Site A,Facilities,Utilities,Utilities expense,229.67,24.78,5691.22,Farm Services LLC,Finishing,PG-6536
2025-06-12,6,Site B,Animal,Genetics/Semen,Genetics/Semen expense,347.78,15.9,5529.7,VetHealth Inc,Breeding,PG-9984
2025-06-13,6,Site C,Labor,Payroll Burden,Payroll Burden expense,227.44,11.0,2501.84,VetHealth Inc,Breeding,PG-6897
2025-06-13,6,Site A,Facilities,Manure Handling,Manure Handling expense,490.01,27.28,13367.47,Farm Services LLC,Nursery,PG-9714
2025-06-13,6,Site A,Animal,Weaned Pig Purchase,Weaned Pig Purchase expense,212.55,7.31,1553.74,Midwest Transport,Gilt Development,PG-2249
2025-06-13,6,Site A,Health,Medications,Medications expense,484.68,23.78,11525.69,AgriFeed Co,Nursery,PG-4486
2025-06-16,6,Site A,Animal,Mortality Disposal,Mortality Disposal expense,83.65,29.24,2445.93,AgriFeed Co,Breeding,PG-3606
2025-06-17,6,Site C,Animal,Genetics/Semen,Genetics/Semen expense,98.7,3.59,354.33,VetHealth Inc,Breeding,PG-9945
2025-06-19,6,Site C,Facilities,Barn Supplies,Barn Supplies expense,183.81,20.8,3823.25,Midwest Transport,Gilt Development,PG-8734
2025-06-22,6,Site C,Overhead,Software & Technology,Software & Technology expense,363.61,14.06,5112.36,AgriFeed Co,Gilt Development,PG-3990
2025-06-22,6,Site B,Animal,Genetics/Semen,Genetics/Semen expense,475.75,27.27,12973.7,Utility Provider,Nursery,PG-4097
2025-06-22,6,Site C,Facilities,Utilities,Utilities expense,55.76,24.88,1387.31,Utility Provider,Gilt Development,PG-6887
2025-06-23,6,Site C,Animal,Mortality Disposal,Mortality Disposal expense,335.9,16.46,5528.91,Midwest Transport,Nursery,PG-2409
2025-06-24,6,Site B,Animal,Gilt Development,Gilt Development expense,267.69,21.91,5865.09,Midwest Transport,Finishing,PG-7016
2025-06-27,6,Site C,Animal,Gilt Development,Gilt Development expense,498.17,40.44,20145.99,Utility Provider,Gilt Development,PG-1892
2025-06-28,6,Site A,Labor,Contract Labor,Contract Labor expense,270.35,20.02,5412.41,AgriFeed Co,Breeding,PG-2248
2025-06-29,6,Site B,Overhead,Professional Services,Professional Services expense,185.87,22.06,4100.29,Farm Services LLC,Finishing,PG-3125
2025-06-29,6,Site A,Overhead,Software & Technology,Software & Technology expense,313.3,22.89,7171.44,Utility Provider,Breeding,PG-5611
2025-06-30,6,Site A,Facilities,Repairs & Maintenance,Repairs & Maintenance expense,308.71,35.95,11098.12,AgriFeed Co,Nursery,PG-2875
2025-07-02,7,Site A,Labor,Payroll Burden,Payroll Burden expense,377.52,5.09,1921.58,AgriFeed Co,Nursery,PG-9787
2025-07-02,7,Site B,Health,Biosecurity Supplies,Biosecurity Supplies expense,278.13,32.5,9039.23,Utility Provider,Gilt Development,PG-9503
2025-07-02,7,Site A,Overhead,Professional Services,Professional Services expense,158.33,24.51,3880.67,AgriFeed Co,Breeding,PG-9684
2025-07-02,7,Site B,Labor,Contract Labor,Contract Labor expense,64.47,38.98,2513.04,Midwest Transport,Breeding,PG-4493
2025-07-02,7,Site C,Animal,Gilt Development,Gilt Development expense,241.19,1.35,325.61,Utility Provider,Nursery,PG-8638
2025-07-05,7,Site A,Transportation,Pig Hauling,Pig Hauling expense,106.12,28.22,2994.71,AgriFeed Co,Finishing,PG-4591
2025-07-05,7,Site C,Overhead,Software & Technology,Software & Technology expense,275.21,20.15,5545.48,Utility Provider,Finishing,PG-9010
2025-07-05,7,Site C,Facilities,Repairs & Maintenance,Repairs & Maintenance expense,133.7,16.54,2211.4,AgriFeed Co,Breeding,PG-7132
2025-07-07,7,Site C,Labor,Payroll Burden,Payroll Burden expense,65.1,13.11,853.46,VetHealth Inc,Breeding,PG-2435
2025-07-07,7,Site C,Animal,Gilt Development,Gilt Development expense,455.4,28.3,12887.82,VetHealth Inc,Finishing,PG-2409
2025-07-09,7,Site C,Animal,Gilt Development,Gilt Development expense,24.44,7.9,193.08,AgriFeed Co,Finishing,PG-5788
2025-07-10,7,Site B,Animal,Gilt Development,Gilt Development expense,225.43,18.08,4075.77,Farm Services LLC,Breeding,PG-8869
2025-07-11,7,Site A,Feed,Finisher Feed,Finisher Feed expense,189.26,1.39,263.07,AgriFeed Co,Finishing,PG-7229
2025-07-11,7,Site B,Health,Vaccines,Vaccines expense,496.42,6.35,3152.27,Utility Provider,Breeding,PG-9210
2025-07-11,7,Site A,Health,Biosecurity Supplies,Biosecurity Supplies expense,187.36,5.95,1114.79,AgriFeed Co,Nursery,PG-1830
2025-07-12,7,Site A,Labor,Contract Labor,Contract Labor expense,23.51,5.37,126.25,Farm Services LLC,Gilt Development,PG-2828
2025-07-14,7,Site B,Overhead,Professional Services,Professional Services expense,134.76,28.27,3809.67,AgriFeed Co,Nursery,PG-8083
2025-07-14,7,Site B,Health,Medications,Medications expense,334.11,8.17,2729.68,Midwest Transport,Finishing,PG-8956
2025-07-16,7,Site B,Overhead,Insurance,Insurance expense,209.7,42.01,8809.5,Midwest Transport,Breeding,PG-6124
2025-07-19,7,Site C,Feed,Finisher Feed,Finisher Feed expense,358.45,3.71,1329.85,AgriFeed Co,Breeding,PG-1147
2025-07-20,7,Site A,Labor,Hourly Labor,Hourly Labor expense,334.93,37.4,12526.38,Utility Provider,Finishing,PG-2447
2025-07-21,7,Site A,Animal,Mortality Disposal,Mortality Disposal expense,37.14,24.27,901.39,Utility Provider,Nursery,PG-7732
2025-07-26,7,Site B,Transportation,Market Delivery,Market Delivery expense,270.41,2.02,546.23,VetHealth Inc,Breeding,PG-1281
2025-07-26,7,Site C,Feed,Finisher Feed,Finisher Feed expense,231.85,39.14,9074.61,VetHealth Inc,Breeding,PG-3071
2025-07-30,7,Site B,Transportation,Market Delivery,Market Delivery expense,167.78,35.43,5944.45,Utility Provider,Finishing,PG-1867
2025-07-30,7,Site A,Facilities,Barn Supplies,Barn Supplies expense,494.04,40.61,20062.96,Utility Provider,Gilt Development,PG-1587
2025-07-31,7,Site B,Labor,Hourly Labor,Hourly Labor expense,67.46,3.89,262.42,VetHealth Inc,Finishing,PG-1255
2025-08-03,8,Site B,Overhead,Software & Technology,Software & Technology expense,164.75,7.4,1219.15,Utility Provider,Nursery,PG-7457
2025-08-04,8,Site C,Animal,Weaned Pig Purchase,Weaned Pig Purchase expense,32.11,7.07,227.02,Midwest Transport,Finishing,PG-1918
2025-08-05,8,Site A,Transportation,Pig Hauling,Pig Hauling expense,447.87,17.82,7981.04,AgriFeed Co,Finishing,PG-5171
2025-08-05,8,Site A,Labor,Hourly Labor,Hourly Labor expense,141.74,8.4,1190.62,Midwest Transport,Breeding,PG-2122
2025-08-06,8,Site C,Transportation,Market Delivery,Market Delivery expense,296.76,4.1,1216.72,AgriFeed Co,Finishing,PG-5389
2025-08-06,8,Site C,Labor,Contract Labor,Contract Labor expense,51.3,11.89,609.96,Farm Services LLC,Gilt Development,PG-5451
2025-08-08,8,Site C,Transportation,Pig Hauling,Pig Hauling expense,140.04,40.92,5730.44,VetHealth Inc,Breeding,PG-2707
2025-08-08,8,Site A,Animal,Gilt Development,Gilt Development expense,302.87,14.66,4440.07,AgriFeed Co,Breeding,PG-7924
2025-08-12,8,Site B,Feed,Nursery Feed,Nursery Feed expense,12.21,12.46,152.14,Utility Provider,Breeding,PG-8368
2025-08-12,8,Site B,Transportation,Market Delivery,Market Delivery expense,54.27,15.44,837.93,Farm Services LLC,Gilt Development,PG-4719
2025-08-14,8,Site A,Feed,Finisher Feed,Finisher Feed expense,495.59,10.81,5357.33,Utility Provider,Finishing,PG-4564
2025-08-14,8,Site A,Facilities,Repairs & Maintenance,Repairs & Maintenance expense,404.95,29.66,12010.82,Midwest Transport,Finishing,PG-8291
2025-08-16,8,Site B,Feed,Nursery Feed,Nursery Feed expense,113.54,7.66,869.72,Utility Provider,Breeding,PG-3433
2025-08-18,8,Site B,Labor,Contract Labor,Contract Labor expense,348.11,0.64,222.79,Farm Services LLC,Gilt Development,PG-2080
2025-08-19,8,Site A,Transportation,Pig Hauling,Pig Hauling expense,136.79,29.32,4010.68,Farm Services LLC,Breeding,PG-6864
2025-08-19,8,Site B,Transportation,Pig Hauling,Pig Hauling expense,196.15,43.64,8559.99,Midwest Transport,Breeding,PG-5356
2025-08-19,8,Site B,Animal,Weaned Pig Purchase,Weaned Pig Purchase expense,457.56,38.33,17538.27,AgriFeed Co,Gilt Development,PG-3454
2025-08-20,8,Site C,Labor,Payroll Burden,Payroll Burden expense,223.18,35.6,7945.21,Farm Services LLC,Finishing,PG-2478
2025-08-24,8,Site C,Overhead,Insurance,Insurance expense,384.37,19.09,7337.62,Farm Services LLC,Breeding,PG-4760
2025-08-24,8,Site C,Labor,Contract Labor,Contract Labor expense,438.45,18.45,8089.4,Utility Provider,Breeding,PG-5673
2025-08-26,8,Site B,Health,Medications,Medications expense,16.21,39.09,633.65,Midwest Transport,Finishing,PG-4086
2025-08-30,8,Site A,Facilities,Repairs & Maintenance,Repairs & Maintenance expense,29.1,5.79,168.49,AgriFeed Co,Finishing,PG-4072
2025-09-01,9,Site A,Feed,Finisher Feed,Finisher Feed expense,430.11,30.77,13234.48,VetHealth Inc,Gilt Development,PG-9792
2025-09-02,9,Site B,Feed,Feed Delivery,Feed Delivery expense,256.82,13.56,3482.48,AgriFeed Co,Breeding,PG-6463
2025-09-03,9,Site A,Transportation,Pig Hauling,Pig Hauling expense,211.43,6.39,1351.04,Utility Provider,Nursery,PG-9996
2025-09-05,9,Site A,Health,Biosecurity Supplies,Biosecurity Supplies expense,64.87,39.76,2579.23,VetHealth Inc,Nursery,PG-3539
2025-09-05,9,Site A,Facilities,Manure Handling,Manure Handling expense,88.27,38.58,3405.46,Midwest Transport,Gilt Development,PG-1441
2025-09-06,9,Site C,Overhead,Insurance,Insurance expense,344.2,23.27,8009.53,Utility Provider,Breeding,PG-2276
2025-09-07,9,Site A,Labor,Hourly Labor,Hourly Labor expense,318.56,2.78,885.6,AgriFeed Co,Finishing,PG-2875
2025-09-07,9,Site C,Facilities,Manure Handling,Manure Handling expense,131.87,26.98,3557.85,AgriFeed Co,Nursery,PG-8674
2025-09-08,9,Site B,Health,Medications,Medications expense,85.37,17.84,1523.0,Farm Services LLC,Breeding,PG-6661
2025-09-10,9,Site B,Transportation,Pig Hauling,Pig Hauling expense,461.46,22.17,10230.57,Utility Provider,Gilt Development,PG-3530
2025-09-14,9,Site C,Animal,Mortality Disposal,Mortality Disposal expense,362.49,33.69,12212.29,AgriFeed Co,Breeding,PG-1791
2025-09-16,9,Site A,Overhead,Software & Technology,Software & Technology expense,255.86,19.07,4879.25,AgriFeed Co,Finishing,PG-1663
2025-09-18,9,Site B,Labor,Contract Labor,Contract Labor expense,415.44,3.56,1478.97,Farm Services LLC,Breeding,PG-2246
2025-09-18,9,Site C,Facilities,Repairs & Maintenance,Repairs & Maintenance expense,315.95,2.72,859.38,VetHealth Inc,Finishing,PG-3839
2025-09-19,9,Site C,Overhead,Professional Services,Professional Services expense,411.23,17.43,7167.74,Utility Provider,Finishing,PG-3551
2025-09-21,9,Site C,Animal,Weaned Pig Purchase,Weaned Pig Purchase expense,165.87,15.65,2595.87,Utility Provider,Nursery,PG-3479
2025-09-21,9,Site A,Transportation,Market Delivery,Market Delivery expense,45.29,43.29,1960.6,AgriFeed Co,Finishing,PG-1207
2025-09-21,9,Site B,Labor,Payroll Burden,Payroll Burden expense,473.11,17.11,8094.91,Midwest Transport,Nursery,PG-7305
2025-09-21,9,Site B,Overhead,Professional Services,Professional Services expense,454.75,12.02,5466.1,VetHealth Inc,Gilt Development,PG-8989
2025-09-22,9,Site B,Health,Medications,Medications expense,236.32,18.83,4449.91,AgriFeed Co,Breeding,PG-1235
2025-09-22,9,Site B,Overhead,Software & Technology,Software & Technology expense,338.71,21.97,7441.46,Utility Provider,Breeding,PG-8266
2025-09-25,9,Site B,Transportation,Market Delivery,Market Delivery expense,453.78,11.13,5050.57,AgriFeed Co,Breeding,PG-3800
2025-09-25,9,Site A,Animal,Mortality Disposal,Mortality Disposal expense,144.28,35.78,5162.34,Utility Provider,Gilt Development,PG-7710
2025-09-27,9,Site A,Overhead,Insurance,Insurance expense,223.53,29.32,6553.9,Farm Services LLC,Finishing,PG-9220
2025-09-29,9,Site A,Labor,Payroll Burden,Payroll Burden expense,328.9,19.89,6541.82,Midwest Transport,Gilt Development,PG-5249
2025-09-30,9,Site A,Feed,Sow Feed,Sow Feed expense,351.54,16.5,5800.41,VetHealth Inc,Finishing,PG-1537
2025-10-02,10,Site A,Facilities,Repairs & Maintenance,Repairs & Maintenance expense,40.15,1.63,65.44,AgriFeed Co,Gilt Development,PG-2664
2025-10-04,10,Site A,Transportation,Pig Hauling,Pig Hauling expense,288.88,22.42,6476.69,Farm Services LLC,Breeding,PG-8683
2025-10-04,10,Site C,Animal,Genetics/Semen,Genetics/Semen expense,148.97,16.06,2392.46,Midwest Transport,Finishing,PG-9754
2025-10-04,10,Site A,Feed,Feed Delivery,Feed Delivery expense,306.21,0.81,248.03,AgriFeed Co,Finishing,PG-3558
2025-10-04,10,Site A,Facilities,Barn Supplies,Barn Supplies expense,325.17,38.29,12450.76,AgriFeed Co,Gilt Development,PG-5555
2025-10-04,10,Site C,Transportation,Pig Hauling,Pig Hauling expense,215.54,30.45,6563.19,AgriFeed Co,Breeding,PG-4259
2025-10-07,10,Site A,Labor,Hourly Labor,Hourly Labor expense,276.83,25.97,7189.28,Farm Services LLC,Finishing,PG-1980
2025-10-07,10,Site B,Facilities,Repairs & Maintenance,Repairs & Maintenance expense,52.95,32.73,1733.05,Utility Provider,Nursery,PG-8843
2025-10-07,10,Site A,Labor,Contract Labor,Contract Labor expense,317.13,24.34,7718.94,AgriFeed Co,Gilt Development,PG-5282
2025-10-09,10,Site A,Animal,Gilt Development,Gilt Development expense,457.2,36.71,16783.81,Farm Services LLC,Breeding,PG-5399
2025-10-09,10,Site A,Animal,Genetics/Semen,Genetics/Semen expense,178.69,44.4,7933.84,AgriFeed Co,Breeding,PG-2460
2025-10-10,10,Site C,Animal,Gilt Development,Gilt Development expense,41.59,4.28,178.01,Utility Provider,Breeding,PG-2365
2025-10-11,10,Site A,Feed,Finisher Feed,Finisher Feed expense,368.46,30.04,11068.54,AgriFeed Co,Breeding,PG-3203
2025-10-11,10,Site C,Facilities,Barn Supplies,Barn Supplies expense,94.1,40.22,3784.7,VetHealth Inc,Finishing,PG-6592
2025-10-11,10,Site A,Health,Medications,Medications expense,330.02,40.33,13309.71,AgriFeed Co,Gilt Development,PG-4926
2025-10-11,10,Site B,Labor,Hourly Labor,Hourly Labor expense,425.75,22.53,9592.15,Utility Provider,Finishing,PG-3745
2025-10-12,10,Site C,Labor,Contract Labor,Contract Labor expense,54.86,31.0,1700.66,VetHealth Inc,Finishing,PG-5082
2025-10-12,10,Site A,Overhead,Professional Services,Professional Services expense,316.5,1.08,341.82,AgriFeed Co,Finishing,PG-5944
2025-10-12,10,Site C,Feed,Finisher Feed,Finisher Feed expense,113.13,8.51,962.74,Utility Provider,Breeding,PG-2229
2025-10-12,10,Site B,Feed,Finisher Feed,Finisher Feed expense,227.92,23.44,5342.44,Farm Services LLC,Nursery,PG-7294
2025-10-13,10,Site B,Animal,Mortality Disposal,Mortality Disposal expense,356.29,37.26,13275.37,AgriFeed Co,Breeding,PG-2715
2025-10-13,10,Site A,Overhead,Professional Services,Professional Services expense,46.41,32.82,1523.18,AgriFeed Co,Gilt Development,PG-6115
2025-10-14,10,Site A,Transportation,Pig Hauling,Pig Hauling expense,299.11,27.22,8141.77,Utility Provider,Finishing,PG-3969
2025-10-15,10,Site C,Animal,Genetics/Semen,Genetics/Semen expense,340.57,29.63,10091.09,Midwest Transport,Breeding,PG-1988
2025-10-15,10,Site A,Facilities,Utilities,Utilities expense,468.29,39.49,18492.77,Farm Services LLC,Finishing,PG-3719
2025-10-16,10,Site C,Transportation,Market Delivery,Market Delivery expense,285.37,34.43,9825.29,VetHealth Inc,Breeding,PG-7028
2025-10-18,10,Site A,Overhead,Insurance,Insurance expense,338.24,20.2,6832.45,AgriFeed Co,Breeding,PG-7602
2025-10-19,10,Site C,Health,Vaccines,Vaccines expense,35.06,37.75,1323.52,Farm Services LLC,Breeding,PG-9378
2025-10-20,10,Site B,Facilities,Barn Supplies,Barn Supplies expense,186.15,44.45,8274.37,AgriFeed Co,Finishing,PG-5703
2025-10-20,10,Site B,Overhead,Professional Services,Professional Services expense,197.79,24.95,4934.86,VetHealth Inc,Gilt Development,PG-7570
2025-10-21,10,Site C,Facilities,Manure Handling,Manure Handling expense,230.16,2.81,646.75,AgriFeed Co,Gilt Development,PG-3324
2025-10-22,10,Site B,Health,Vaccines,Vaccines expense,238.55,30.03,7163.66,Utility Provider,Gilt Development,PG-6408
2025-10-22,10,Site A,Animal,Genetics/Semen,Genetics/Semen expense,151.14,13.18,1992.03,Midwest Transport,Breeding,PG-5737
2025-10-23,10,Site B,Labor,Hourly Labor,Hourly Labor expense,136.4,37.38,5098.63,AgriFeed Co,Gilt Development,PG-7331
2025-10-28,10,Site A,Health,Vaccines,Vaccines expense,165.18,21.42,3538.16,Utility Provider,Finishing,PG-3356
2025-10-29,10,Site A,Animal,Genetics/Semen,Genetics/Semen expense,189.08,21.05,3980.13,Utility Provider,Nursery,PG-9895
2025-10-29,10,Site B,Facilities,Utilities,Utilities expense,300.7,42.37,12740.66,Utility Provider,Gilt Development,PG-9125
2025-10-30,10,Site A,Transportation,Pig Hauling,Pig Hauling expense,107.11,1.98,212.08,Utility Provider,Nursery,PG-9179
2025-10-31,10,Site C,Transportation,Market Delivery,Market Delivery expense,279.59,39.78,11122.09,AgriFeed Co,Breeding,PG-4170
2025-11-01,11,Site C,Labor,Hourly Labor,Hourly Labor expense,475.17,20.35,9669.71,Farm Services LLC,Nursery,PG-9407
2025-11-04,11,Site C,Feed,Nursery Feed,Nursery Feed expense,299.58,13.73,4113.23,AgriFeed Co,Gilt Development,PG-9259
2025-11-05,11,Site C,Overhead,Professional Services,Professional Services expense,422.55,34.37,14523.04,Utility Provider,Gilt Development,PG-7059
2025-11-05,11,Site C,Health,Medications,Medications expense,59.33,42.32,2510.85,Midwest Transport,Gilt Development,PG-6567
2025-11-05,11,Site A,Feed,Nursery Feed,Nursery Feed expense,401.62,0.71,285.15,Midwest Transport,Finishing,PG-1536
2025-11-07,11,Site A,Feed,Finisher Feed,Finisher Feed expense,26.77,1.31,35.07,Farm Services LLC,Gilt Development,PG-6342
2025-11-07,11,Site B,Transportation,Market Delivery,Market Delivery expense,406.64,44.99,18294.73,Midwest Transport,Breeding,PG-8190
2025-11-08,11,Site B,Feed,Nursery Feed,Nursery Feed expense,93.43,41.34,3862.4,AgriFeed Co,Gilt Development,PG-6495
2025-11-09,11,Site A,Facilities,Repairs & Maintenance,Repairs & Maintenance expense,29.58,10.52,311.18,Farm Services LLC,Gilt Development,PG-7868
2025-11-10,11,Site B,Overhead,Insurance,Insurance expense,108.39,1.04,112.73,Utility Provider,Breeding,PG-3385
2025-11-11,11,Site C,Overhead,Insurance,Insurance expense,237.63,38.86,9234.3,Midwest Transport,Nursery,PG-2466
2025-11-11,11,Site A,Transportation,Market Delivery,Market Delivery expense,259.88,31.78,8258.99,AgriFeed Co,Nursery,PG-2291
2025-11-12,11,Site B,Labor,Contract Labor,Contract Labor expense,251.08,18.17,4562.12,VetHealth Inc,Breeding,PG-2826
2025-11-12,11,Site B,Transportation,Market Delivery,Market Delivery expense,193.32,1.21,233.92,Farm Services LLC,Gilt Development,PG-6486
2025-11-14,11,Site C,Transportation,Market Delivery,Market Delivery expense,203.11,26.88,5459.6,AgriFeed Co,Gilt Development,PG-9321
2025-11-16,11,Site B,Animal,Gilt Development,Gilt Development expense,102.81,25.2,2590.81,Midwest Transport,Finishing,PG-3159
2025-11-17,11,Site B,Feed,Nursery Feed,Nursery Feed expense,260.96,28.25,7372.12,AgriFeed Co,Breeding,PG-3785
2025-11-19,11,Site B,Animal,Mortality Disposal,Mortality Disposal expense,283.3,12.38,3507.25,Midwest Transport,Gilt Development,PG-4239
2025-11-20,11,Site C,Labor,Hourly Labor,Hourly Labor expense,353.91,7.29,2580.0,VetHealth Inc,Breeding,PG-6109
2025-11-21,11,Site A,Feed,Feed Delivery,Feed Delivery expense,181.76,15.39,2797.29,Midwest Transport,Breeding,PG-7397
2025-11-22,11,Site C,Labor,Payroll Burden,Payroll Burden expense,295.86,30.65,9068.11,VetHealth Inc,Finishing,PG-9338
2025-11-23,11,Site A,Transportation,Pig Hauling,Pig Hauling expense,273.01,44.13,12047.93,VetHealth Inc,Gilt Development,PG-8097
2025-11-23,11,Site C,Feed,Feed Delivery,Feed Delivery expense,34.47,33.87,1167.5,Midwest Transport,Nursery,PG-3079
2025-11-26,11,Site B,Health,Vaccines,Vaccines expense,192.66,2.13,410.37,Midwest Transport,Gilt Development,PG-4845
2025-11-27,11,Site B,Health,Biosecurity Supplies,Biosecurity Supplies expense,140.57,42.44,5965.79,Midwest Transport,Nursery,PG-5437
2025-11-28,11,Site C,Transportation,Market Delivery,Market Delivery expense,232.75,6.62,1540.81,VetHealth Inc,Gilt Development,PG-7748
2025-11-28,11,Site B,Labor,Contract Labor,Contract Labor expense,7.09,27.13,192.35,Midwest Transport,Finishing,PG-3116
2025-11-28,11,Site C,Transportation,Pig Hauling,Pig Hauling expense,216.01,11.57,2499.24,Farm Services LLC,Breeding,PG-1575
2025-11-28,11,Site A,Labor,Hourly Labor,Hourly Labor expense,129.83,30.52,3962.41,Utility Provider,Nursery,PG-7246
2025-11-30,11,Site C,Labor,Payroll Burden,Payroll Burden expense,469.23,8.56,4016.61,AgriFeed Co,Gilt Development,PG-4391
2025-11-30,11,Site B,Health,Biosecurity Supplies,Biosecurity Supplies expense,9.98,19.25,192.12,VetHealth Inc,Nursery,PG-2750
2025-12-02,12,Site B,Health,Vet Services,Vet Services expense,453.17,12.82,5809.64,AgriFeed Co,Gilt Development,PG-4200
2025-12-02,12,Site A,Transportation,Pig Hauling,Pig Hauling expense,225.42,35.06,7903.23,Utility Provider,Gilt Development,PG-3643
2025-12-04,12,Site A,Animal,Gilt Development,Gilt Development expense,224.76,44.75,10058.01,Farm Services LLC,Breeding,PG-5493
2025-12-04,12,Site B,Animal,Gilt Development,Gilt Development expense,332.98,36.12,12027.24,Utility Provider,Finishing,PG-2774
2025-12-04,12,Site A,Animal,Genetics/Semen,Genetics/Semen expense,70.48,24.19,1704.91,Midwest Transport,Finishing,PG-1671
2025-12-05,12,Site B,Overhead,Insurance,Insurance expense,379.76,32.72,12425.75,AgriFeed Co,Nursery,PG-6387
2025-12-06,12,Site B,Labor,Contract Labor,Contract Labor expense,310.78,15.96,4960.05,Midwest Transport,Finishing,PG-2906
2025-12-07,12,Site B,Overhead,Insurance,Insurance expense,232.87,29.41,6848.71,VetHealth Inc,Nursery,PG-3849
2025-12-10,12,Site B,Health,Biosecurity Supplies,Biosecurity Supplies expense,228.15,1.02,232.71,VetHealth Inc,Nursery,PG-9357
2025-12-10,12,Site C,Labor,Payroll Burden,Payroll Burden expense,53.74,44.48,2390.36,Utility Provider,Gilt Development,PG-5940
2025-12-11,12,Site A,Labor,Hourly Labor,Hourly Labor expense,92.32,1.48,136.63,Farm Services LLC,Finishing,PG-7633
2025-12-12,12,Site C,Transportation,Market Delivery,Market Delivery expense,63.21,41.48,2621.95,Midwest Transport,Gilt Development,PG-3708
2025-12-14,12,Site A,Transportation,Pig Hauling,Pig Hauling expense,188.06,13.21,2484.27,Utility Provider,Nursery,PG-3105
2025-12-14,12,Site B,Facilities,Barn Supplies,Barn Supplies expense,192.87,22.2,4281.71,Farm Services LLC,Nursery,PG-3007
2025-12-15,12,Site C,Health,Vaccines,Vaccines expense,301.67,16.73,5046.94,Midwest Transport,Breeding,PG-7488
2025-12-16,12,Site C,Animal,Weaned Pig Purchase,Weaned Pig Purchase expense,347.75,24.2,8415.55,AgriFeed Co,Finishing,PG-8980
2025-12-18,12,Site A,Transportation,Pig Hauling,Pig Hauling expense,481.71,11.86,5713.08,VetHealth Inc,Finishing,PG-7089
2025-12-21,12,Site C,Animal,Weaned Pig Purchase,Weaned Pig Purchase expense,306.15,4.13,1264.4,AgriFeed Co,Gilt Development,PG-5780
2025-12-21,12,Site C,Overhead,Insurance,Insurance expense,484.8,32.3,15659.04,AgriFeed Co,Gilt Development,PG-1830
2025-12-21,12,Site B,Facilities,Repairs & Maintenance,Repairs & Maintenance expense,382.04,6.74,2574.95,Midwest Transport,Nursery,PG-5223
2025-12-21,12,Site A,Transportation,Pig Hauling,Pig Hauling expense,224.29,21.61,4846.91,Utility Provider,Breeding,PG-6093
2025-12-23,12,Site C,Labor,Contract Labor,Contract Labor expense,279.76,15.77,4411.82,AgriFeed Co,Nursery,PG-2819
2025-12-25,12,Site B,Overhead,Insurance,Insurance expense,354.82,39.26,13930.23,Farm Services LLC,Nursery,PG-9442
2025-12-26,12,Site B,Transportation,Pig Hauling,Pig Hauling expense,91.12,2.9,264.25,Midwest Transport,Breeding,PG-8003
2025-12-26,12,Site B,Health,Biosecurity Supplies,Biosecurity Supplies expense,7.14,16.97,121.17,Farm Services LLC,Gilt Development,PG-5000
2025-12-27,12,Site A,Health,Medications,Medications expense,41.68,18.45,769.0,Utility Provider,Nursery,PG-7078
2025-12-28,12,Site C,Animal,Mortality Disposal,Mortality Disposal expense,406.06,33.51,13607.07,AgriFeed Co,Gilt Development,PG-6343
2025-12-30,12,Site C,Animal,Gilt Development,Gilt Development expense,19.11,12.77,244.03,Farm Services LLC,Nursery,PG-1631
2025-12-30,12,Site B,Health,Medications,Medications expense,124.86,26.2,3271.33,Utility Provider,Gilt Development,PG-7320
2025-12-30,12,Site C,Animal,Mortality Disposal,Mortality Disposal expense,411.39,38.66,15904.34,AgriFeed Co,Finishing,PG-3070
2025-12-30,12,Site C,Transportation,Pig Hauling,Pig Hauling expense,212.69,40.83,8684.13,Midwest Transport,Breeding,PG-5748
2025-12-31,12,Site A,Health,Vaccines,Vaccines expense,312.04,21.6,6740.06,AgriFeed Co,Gilt Development,PG-6136
2025-12-31,12,Site C,Animal,Weaned Pig Purchase,Weaned Pig Purchase expense,115.01,44.0,5060.44,Midwest Transport,Breeding,PG-8939
